origen,destino,paradas,distancia_km,tiempo_base_min,hora,hora_pico,dia_semana,clima,bus_lleno,pasajeros,tiempo_real_min,velocidad_kmh,indice_congestion
Boston,Kennedy,8,11.5,23,8,1,lunes,nublado,0,43,41.9,16.5,0.873
Río Otún,El Plumón,8,11.0,22,22,0,lunes,nublado,0,18,21.0,31.4,0.054
Nacederos,Galicia,9,13.0,26,5,0,viernes,soleado,1,43,28.9,27.0,0.0
Av. 30 de Agosto,Dosquebradas,9,12.5,25,5,0,domingo,lluvia,1,58,22.3,33.6,0.0
Simón Bolívar,Villa Santana,7,9.5,20,15,0,lunes,soleado,0,60,25.9,22.0,0.286
Simón Bolívar,Villa Santana,7,9.5,20,6,1,sabado,soleado,0,63,21.4,26.6,0.469
Boston,Kennedy,8,11.5,23,16,0,viernes,soleado,0,20,37.0,18.6,0.541
Cuba,Terminal,10,15.0,30,12,0,domingo,soleado,1,73,32.5,27.7,0.41
Galicia,Boston,10,14.0,28,16,0,martes,nublado,0,36,40.4,20.8,0.485
Centro,Cuba,9,13.5,27,17,1,miercoles,tormenta,0,56,72.1,11.2,1.0
Villa Santana,Nacederos,11,16.5,33,6,1,domingo,soleado,1,23,35.6,27.8,0.623
La Roma,Boston,11,16.0,32,15,0,martes,nublado,1,73,39.6,24.2,0.286
Río Otún,El Plumón,8,11.0,22,22,0,viernes,soleado,1,66,25.4,26.0,0.07
Cuba,Centro,9,13.5,27,21,0,jueves,soleado,0,29,27.1,29.9,0.15
Boston,Kennedy,8,11.5,23,18,1,viernes,soleado,1,74,53.4,12.9,1.0
Av. 30 de Agosto,Dosquebradas,9,12.5,25,5,0,sabado,nublado,1,58,20.4,36.8,0.0
Centro,Cuba,9,13.5,27,5,0,sabado,lluvia,1,79,29.9,27.1,0.0
Cuba,Terminal,10,15.0,30,14,0,domingo,nublado,0,34,27.0,33.3,0.262
Simón Bolívar,Villa Santana,7,9.5,20,21,0,lunes,nublado,1,17,23.4,24.4,0.185
Av. 30 de Agosto,Dosquebradas,9,12.5,25,14,0,martes,soleado,0,25,30.2,24.8,0.304
Simón Bolívar,Villa Santana,7,9.5,20,22,0,domingo,soleado,1,36,15.1,37.7,0.068
Kennedy,Dosquebradas,10,15.0,30,11,0,viernes,lluvia,0,54,46.3,19.4,0.292
Galicia,Boston,10,14.0,28,19,1,viernes,soleado,0,43,42.9,19.6,0.523
Terminal,Cuba,10,15.0,30,12,0,viernes,soleado,0,22,40.9,22.0,0.436
Av. 30 de Agosto,Dosquebradas,9,12.5,25,15,0,lunes,nublado,1,77,32.9,22.8,0.285
La Roma,Boston,11,16.0,32,20,0,martes,lluvia,1,39,48.8,19.7,0.48
Galicia,Boston,10,14.0,28,18,1,jueves,soleado,0,27,48.3,17.4,1.0
Simón Bolívar,Villa Santana,7,9.5,20,8,1,martes,soleado,1,32,38.7,14.7,0.97
Villa Santana,Nacederos,11,16.5,33,7,1,jueves,lluvia,0,21,75.7,13.1,1.0
Cuba,Dosquebradas,12,18.5,36,7,1,domingo,lluvia,0,67,59.2,18.8,1.0
Kennedy,Dosquebradas,10,15.0,30,6,1,martes,soleado,1,48,48.9,18.4,0.597
Estadio,Terminal,8,10.5,21,18,1,sabado,tormenta,1,34,47.8,13.2,1.0
Cuba,Dosquebradas,12,18.5,36,22,0,lunes,nublado,0,21,38.1,29.1,0.058
Av. 30 de Agosto,Dosquebradas,9,12.5,25,21,0,martes,soleado,0,38,24.0,31.2,0.145
Av. 30 de Agosto,Dosquebradas,9,12.5,25,12,0,jueves,soleado,0,20,33.2,22.6,0.379
Nacederos,Galicia,9,13.0,26,21,0,miercoles,lluvia,0,55,32.3,24.1,0.202
Boston,Kennedy,8,11.5,23,14,0,jueves,soleado,0,16,27.1,25.5,0.319
Cuba,Terminal,10,15.0,30,7,1,viernes,soleado,1,31,71.0,12.7,1.0
La Roma,Boston,11,16.0,32,12,0,miercoles,soleado,1,53,45.3,21.2,0.49
Boston,Kennedy,8,11.5,23,21,0,lunes,nublado,1,28,31.8,21.7,0.171
Cuba,Terminal,10,15.0,30,8,1,sabado,nublado,1,51,54.1,16.6,1.0
Villa Santana,Nacederos,11,16.5,33,13,0,viernes,soleado,0,26,50.8,19.5,0.488
Cuba,Dosquebradas,12,18.5,36,5,0,miercoles,lluvia,1,35,46.3,24.0,0.0
Kennedy,Dosquebradas,10,15.0,30,22,0,lunes,soleado,0,19,31.7,28.4,0.057
Cuba,Centro,9,13.5,27,18,1,martes,soleado,1,20,58.9,13.8,1.0
Villa Santana,Nacederos,11,16.5,33,8,1,miercoles,lluvia,1,34,87.9,11.3,1.0
Cuba,Centro,9,13.5,27,10,0,jueves,soleado,1,67,37.4,21.7,0.339
Simón Bolívar,Villa Santana,7,9.5,20,12,0,miercoles,soleado,0,63,27.1,21.0,0.431
Villa Santana,Nacederos,11,16.5,33,11,0,domingo,lluvia,1,54,40.6,24.4,0.34
Villa Santana,Nacederos,11,16.5,33,5,0,sabado,soleado,1,50,29.8,33.2,0.0
Estadio,Terminal,8,10.5,21,16,0,sabado,nublado,1,18,26.2,24.0,0.659
Cuba,Centro,9,13.5,27,13,0,lunes,soleado,1,59,42.7,19.0,0.462
Nacederos,Galicia,9,13.0,26,21,0,lunes,soleado,0,47,26.0,30.0,0.163
Terminal,Cuba,10,15.0,30,22,0,sabado,nublado,0,61,25.2,35.7,0.066
La Roma,Boston,11,16.0,32,15,0,viernes,soleado,0,53,42.3,22.7,0.292
Galicia,Boston,10,14.0,28,17,1,sabado,soleado,0,39,42.2,19.9,1.0
Boston,Kennedy,8,11.5,23,10,0,viernes,nublado,1,15,33.7,20.5,0.293
Simón Bolívar,Villa Santana,7,9.5,20,15,0,jueves,soleado,0,80,23.6,24.2,0.311
Simón Bolívar,Villa Santana,7,9.5,20,10,0,sabado,soleado,1,26,23.2,24.6,0.329
Boston,Kennedy,8,11.5,23,14,0,martes,lluvia,0,18,30.2,22.8,0.398
Nacederos,Galicia,9,13.0,26,7,1,jueves,soleado,0,64,46.3,16.8,0.821
Boston,Kennedy,8,11.5,23,5,0,domingo,lluvia,0,69,18.5,37.3,0.0
Río Otún,El Plumón,8,11.0,22,21,0,jueves,soleado,0,30,23.6,28.0,0.182
Boston,Kennedy,8,11.5,23,21,0,viernes,nublado,1,79,31.4,22.0,0.216
Centro,Cuba,9,13.5,27,10,0,sabado,lluvia,1,48,38.6,21.0,0.421
Estadio,Terminal,8,10.5,21,21,0,jueves,nublado,1,71,24.0,26.2,0.18
Estadio,Terminal,8,10.5,21,15,0,miercoles,lluvia,0,32,28.2,22.3,0.335
Cuba,Centro,9,13.5,27,11,0,lunes,soleado,1,74,33.7,24.0,0.223
Kennedy,Dosquebradas,10,15.0,30,17,1,domingo,nublado,0,63,42.6,21.1,1.0
Estadio,Terminal,8,10.5,21,17,1,domingo,lluvia,1,43,39.2,16.1,1.0
Centro,Cuba,9,13.5,27,5,0,jueves,soleado,1,36,29.1,27.8,0.0
Nacederos,Galicia,9,13.0,26,22,0,lunes,lluvia,0,25,33.1,23.6,0.062
Centro,Cuba,9,13.5,27,10,0,lunes,soleado,1,42,35.6,22.8,0.291
La Roma,Boston,11,16.0,32,17,1,miercoles,lluvia,1,47,83.8,11.5,1.0
Río Otún,El Plumón,8,11.0,22,22,0,lunes,tormenta,1,43,34.5,19.1,0.093
Boston,Kennedy,8,11.5,23,6,1,domingo,soleado,0,40,25.5,27.1,0.518
Villa Santana,Nacederos,11,16.5,33,9,1,jueves,nublado,0,74,54.5,18.2,0.693
Cuba,Centro,9,13.5,27,8,1,domingo,lluvia,1,28,51.3,15.8,1.0
Nacederos,Galicia,9,13.0,26,17,1,jueves,lluvia,0,24,60.8,12.8,1.0
Villa Santana,Nacederos,11,16.5,33,8,1,sabado,lluvia,0,20,61.2,16.2,1.0
Galicia,Boston,10,14.0,28,7,1,viernes,nublado,0,68,62.0,13.5,0.823
Galicia,Boston,10,14.0,28,19,1,sabado,soleado,0,49,36.1,23.3,0.688
Simón Bolívar,Villa Santana,7,9.5,20,20,0,jueves,soleado,1,56,29.2,19.5,0.403
Cuba,Terminal,10,15.0,30,13,0,jueves,soleado,1,63,43.1,20.9,0.488
Galicia,Boston,10,14.0,28,10,0,jueves,soleado,1,58,35.0,24.0,0.314
La Roma,Boston,11,16.0,32,13,0,viernes,soleado,0,25,45.5,21.1,0.432
Terminal,Cuba,10,15.0,30,12,0,sabado,soleado,1,72,37.7,23.9,0.376
Villa Santana,Nacederos,11,16.5,33,17,1,sabado,soleado,1,75,56.1,17.6,0.99
Río Otún,El Plumón,8,11.0,22,22,0,miercoles,soleado,1,49,22.0,30.0,0.056
Río Otún,El Plumón,8,11.0,22,11,0,miercoles,soleado,0,39,22.9,28.8,0.221
Río Otún,El Plumón,8,11.0,22,21,0,viernes,soleado,0,39,25.3,26.1,0.16
Estadio,Terminal,8,10.5,21,5,0,sabado,nublado,1,20,20.3,31.0,0.0
Río Otún,El Plumón,8,11.0,22,9,1,sabado,lluvia,1,28,41.0,16.1,0.859
Centro,Cuba,9,13.5,27,20,0,jueves,soleado,0,47,36.5,22.2,0.331
Av. 30 de Agosto,Dosquebradas,9,12.5,25,7,1,jueves,soleado,0,34,41.4,18.1,0.906
Estadio,Terminal,8,10.5,21,7,1,martes,soleado,1,43,42.2,14.9,0.943
La Roma,Boston,11,16.0,32,19,1,miercoles,lluvia,1,54,65.6,14.6,0.729
Río Otún,El Plumón,8,11.0,22,8,1,domingo,soleado,0,48,30.9,21.4,0.847
Cuba,Centro,9,13.5,27,22,0,lunes,soleado,1,72,30.5,26.6,0.061
Cuba,Dosquebradas,12,18.5,36,12,0,miercoles,nublado,1,24,54.4,20.4,0.506
Simón Bolívar,Villa Santana,7,9.5,20,11,0,jueves,soleado,0,34,24.5,23.3,0.244
Cuba,Terminal,10,15.0,30,6,1,martes,lluvia,1,71,52.1,17.3,0.726
Río Otún,El Plumón,8,11.0,22,17,1,miercoles,nublado,1,71,41.6,15.9,0.94
Kennedy,Dosquebradas,10,15.0,30,15,0,viernes,soleado,0,44,43.3,20.8,0.306
Nacederos,Galicia,9,13.0,26,5,0,domingo,nublado,1,20,21.5,36.3,0.0
Terminal,Cuba,10,15.0,30,19,1,miercoles,soleado,1,77,53.1,16.9,0.666
Kennedy,Dosquebradas,10,15.0,30,15,0,miercoles,nublado,0,57,35.7,25.2,0.291
Boston,Kennedy,8,11.5,23,17,1,domingo,lluvia,0,73,35.9,19.2,1.0
Cuba,Terminal,10,15.0,30,17,1,domingo,nublado,0,74,42.1,21.4,0.899
Galicia,Boston,10,14.0,28,20,0,sabado,soleado,0,41,27.6,30.4,0.296
Estadio,Terminal,8,10.5,21,19,1,sabado,soleado,0,45,27.6,22.8,0.576
Cuba,Dosquebradas,12,18.5,36,22,0,jueves,soleado,0,74,38.1,29.1,0.058
Cuba,Centro,9,13.5,27,20,0,sabado,soleado,1,68,32.8,24.7,0.419
Villa Santana,Nacederos,11,16.5,33,19,1,viernes,soleado,0,80,58.2,17.0,0.544
Cuba,Terminal,10,15.0,30,13,0,domingo,lluvia,1,58,44.8,20.1,0.613
Av. 30 de Agosto,Dosquebradas,9,12.5,25,5,0,miercoles,nublado,1,34,25.5,29.4,0.0
Galicia,Boston,10,14.0,28,22,0,domingo,nublado,1,56,25.0,33.6,0.073
Villa Santana,Nacederos,11,16.5,33,17,1,martes,lluvia,1,20,78.0,12.7,1.0
La Roma,Boston,11,16.0,32,17,1,jueves,tormenta,0,78,89.9,10.7,1.0
Nacederos,Galicia,9,13.0,26,15,0,domingo,soleado,1,27,25.3,30.8,0.302
Río Otún,El Plumón,8,11.0,22,9,1,jueves,lluvia,0,24,41.3,16.0,0.871
Galicia,Boston,10,14.0,28,17,1,sabado,soleado,1,63,51.4,16.3,1.0
La Roma,Boston,11,16.0,32,20,0,domingo,nublado,0,45,31.7,30.3,0.394
Villa Santana,Nacederos,11,16.5,33,7,1,jueves,tormenta,0,71,76.8,12.9,1.0
Cuba,Dosquebradas,12,18.5,36,6,1,miercoles,lluvia,1,60,65.9,16.8,0.614
Terminal,Cuba,10,15.0,30,18,1,viernes,nublado,0,36,61.9,14.5,1.0
Kennedy,Dosquebradas,10,15.0,30,12,0,jueves,lluvia,0,44,48.2,18.7,0.45
Estadio,Terminal,8,10.5,21,5,0,domingo,soleado,1,35,14.4,43.8,0.0
Nacederos,Galicia,9,13.0,26,14,0,sabado,tormenta,1,73,42.4,18.4,0.389
Kennedy,Dosquebradas,10,15.0,30,20,0,lunes,soleado,1,52,45.9,19.6,0.344
Av. 30 de Agosto,Dosquebradas,9,12.5,25,17,1,miercoles,soleado,0,78,47.6,15.8,1.0
Simón Bolívar,Villa Santana,7,9.5,20,12,0,viernes,lluvia,0,39,36.9,15.4,0.512
Río Otún,El Plumón,8,11.0,22,9,1,sabado,soleado,0,54,29.3,22.5,0.526
Galicia,Boston,10,14.0,28,9,1,lunes,lluvia,1,68,55.4,15.2,0.748
Terminal,Cuba,10,15.0,30,16,0,viernes,nublado,1,36,51.4,17.5,0.634
Centro,Cuba,9,13.5,27,14,0,sabado,lluvia,0,74,36.5,22.2,0.31
Villa Santana,Nacederos,11,16.5,33,17,1,domingo,lluvia,1,26,65.3,15.2,1.0
Terminal,Cuba,10,15.0,30,8,1,jueves,soleado,1,63,64.5,14.0,1.0
Cuba,Terminal,10,15.0,30,12,0,jueves,soleado,1,43,44.0,20.5,0.445
Centro,Cuba,9,13.5,27,14,0,sabado,soleado,0,20,29.1,27.8,0.261
Centro,Cuba,9,13.5,27,8,1,lunes,soleado,0,64,50.0,16.2,0.993
Río Otún,El Plumón,8,11.0,22,22,0,jueves,nublado,0,68,23.1,28.6,0.064
Nacederos,Galicia,9,13.0,26,18,1,miercoles,soleado,1,42,52.0,15.0,1.0
Av. 30 de Agosto,Dosquebradas,9,12.5,25,16,0,lunes,tormenta,1,60,50.2,14.9,0.718
Cuba,Terminal,10,15.0,30,19,1,lunes,nublado,0,21,51.3,17.5,0.592
Cuba,Centro,9,13.5,27,11,0,lunes,lluvia,0,42,41.4,19.6,0.256
Simón Bolívar,Villa Santana,7,9.5,20,9,1,domingo,lluvia,0,50,30.0,19.0,0.682
Cuba,Centro,9,13.5,27,22,0,miercoles,lluvia,0,18,29.5,27.5,0.066
Simón Bolívar,Villa Santana,7,9.5,20,12,0,viernes,soleado,0,48,26.2,21.8,0.417
Terminal,Cuba,10,15.0,30,8,1,sabado,soleado,1,61,50.6,17.8,0.917
Terminal,Cuba,10,15.0,30,12,0,viernes,soleado,1,73,48.9,18.4,0.368
Centro,Cuba,9,13.5,27,17,1,jueves,nublado,1,71,52.4,15.5,0.954
Nacederos,Galicia,9,13.0,26,9,1,lunes,soleado,1,63,48.4,16.1,0.678
Centro,Cuba,9,13.5,27,21,0,viernes,soleado,0,42,31.9,25.4,0.186
Kennedy,Dosquebradas,10,15.0,30,15,0,domingo,soleado,1,27,28.0,32.1,0.288
Estadio,Terminal,8,10.5,21,16,0,martes,nublado,1,23,30.4,20.7,0.506
Kennedy,Dosquebradas,10,15.0,30,8,1,sabado,nublado,0,22,49.0,18.4,1.0
Galicia,Boston,10,14.0,28,8,1,jueves,soleado,1,21,61.8,13.6,1.0
Galicia,Boston,10,14.0,28,8,1,viernes,nublado,0,76,56.7,14.8,0.875
Av. 30 de Agosto,Dosquebradas,9,12.5,25,22,0,miercoles,soleado,1,43,27.6,27.2,0.067
Simón Bolívar,Villa Santana,7,9.5,20,22,0,lunes,nublado,1,18,21.4,26.6,0.068
Estadio,Terminal,8,10.5,21,15,0,miercoles,soleado,0,66,22.2,28.4,0.298
Cuba,Dosquebradas,12,18.5,36,7,1,sabado,nublado,1,68,61.2,18.1,0.921
Estadio,Terminal,8,10.5,21,15,0,domingo,lluvia,0,21,21.5,29.3,0.374
Cuba,Dosquebradas,12,18.5,36,7,1,miercoles,soleado,1,77,70.1,15.8,0.953
Villa Santana,Nacederos,11,16.5,33,21,0,lunes,soleado,0,51,37.6,26.3,0.171
Terminal,Cuba,10,15.0,30,14,0,lunes,soleado,0,15,34.2,26.3,0.315
Simón Bolívar,Villa Santana,7,9.5,20,9,1,domingo,soleado,1,30,22.2,25.7,0.722
Cuba,Centro,9,13.5,27,9,1,jueves,nublado,0,79,43.4,18.7,0.674
Galicia,Boston,10,14.0,28,7,1,jueves,lluvia,0,70,56.4,14.9,1.0
Av. 30 de Agosto,Dosquebradas,9,12.5,25,15,0,viernes,soleado,1,68,34.8,21.6,0.297
Galicia,Boston,10,14.0,28,10,0,domingo,lluvia,1,61,31.1,27.0,0.421
Villa Santana,Nacederos,11,16.5,33,18,1,viernes,soleado,0,65,74.4,13.3,1.0
Villa Santana,Nacederos,11,16.5,33,15,0,domingo,soleado,0,80,27.3,36.3,0.301
Galicia,Boston,10,14.0,28,9,1,martes,soleado,1,40,42.3,19.9,0.602
Simón Bolívar,Villa Santana,7,9.5,20,7,1,martes,tormenta,1,74,56.1,10.2,1.0
Centro,Cuba,9,13.5,27,15,0,domingo,tormenta,1,34,36.1,22.4,0.424
Boston,Kennedy,8,11.5,23,14,0,domingo,soleado,0,60,20.3,34.0,0.262
Centro,Cuba,9,13.5,27,6,1,lunes,soleado,1,24,43.7,18.5,0.629
Cuba,Terminal,10,15.0,30,21,0,jueves,soleado,0,72,35.1,25.6,0.17
Villa Santana,Nacederos,11,16.5,33,15,0,viernes,soleado,0,22,43.1,23.0,0.304
Av. 30 de Agosto,Dosquebradas,9,12.5,25,15,0,sabado,soleado,0,20,23.5,31.9,0.273
Centro,Cuba,9,13.5,27,21,0,viernes,nublado,1,62,40.6,20.0,0.186
Simón Bolívar,Villa Santana,7,9.5,20,15,0,sabado,nublado,1,23,22.1,25.8,0.326
Kennedy,Dosquebradas,10,15.0,30,14,0,miercoles,nublado,0,57,33.3,27.0,0.306
La Roma,Boston,11,16.0,32,16,0,miercoles,tormenta,1,31,68.5,14.0,0.871
Estadio,Terminal,8,10.5,21,22,0,jueves,nublado,1,31,24.4,25.8,0.07
Río Otún,El Plumón,8,11.0,22,21,0,lunes,nublado,1,80,27.2,24.3,0.185
Cuba,Centro,9,13.5,27,11,0,miercoles,lluvia,1,39,38.7,20.9,0.272
Cuba,Terminal,10,15.0,30,14,0,domingo,lluvia,0,58,35.5,25.4,0.36
Nacederos,Galicia,9,13.0,26,17,1,martes,soleado,0,71,42.2,18.5,0.906
Río Otún,El Plumón,8,11.0,22,12,0,jueves,nublado,1,44,33.2,19.9,0.423
Simón Bolívar,Villa Santana,7,9.5,20,20,0,domingo,soleado,1,74,21.3,26.8,0.397
Terminal,Cuba,10,15.0,30,21,0,jueves,tormenta,0,32,48.7,18.5,0.202
Centro,Cuba,9,13.5,27,16,0,viernes,lluvia,0,51,48.3,16.8,0.561
Centro,Cuba,9,13.5,27,21,0,martes,lluvia,0,43,37.7,21.5,0.232
La Roma,Boston,11,16.0,32,5,0,jueves,soleado,1,45,31.6,30.4,0.0
Villa Santana,Nacederos,11,16.5,33,5,0,miercoles,lluvia,1,33,37.6,26.3,0.0
Av. 30 de Agosto,Dosquebradas,9,12.5,25,20,0,sabado,lluvia,1,72,36.4,20.6,0.514
Cuba,Dosquebradas,12,18.5,36,13,0,martes,lluvia,1,29,68.6,16.2,0.563
Cuba,Terminal,10,15.0,30,6,1,martes,soleado,1,23,41.5,21.7,0.617
Nacederos,Galicia,9,13.0,26,22,0,lunes,nublado,0,33,25.9,30.1,0.05
Galicia,Boston,10,14.0,28,12,0,viernes,soleado,0,61,36.8,22.8,0.392
Terminal,Cuba,10,15.0,30,21,0,viernes,soleado,1,20,40.7,22.1,0.21
Estadio,Terminal,8,10.5,21,5,0,miercoles,lluvia,1,45,27.0,23.3,0.0
Simón Bolívar,Villa Santana,7,9.5,20,15,0,martes,soleado,1,37,27.1,21.0,0.322
Río Otún,El Plumón,8,11.0,22,20,0,sabado,soleado,0,23,23.8,27.7,0.378
Cuba,Dosquebradas,12,18.5,36,14,0,martes,soleado,0,20,40.0,27.8,0.262
Kennedy,Dosquebradas,10,15.0,30,22,0,jueves,soleado,0,51,28.3,31.8,0.06
Av. 30 de Agosto,Dosquebradas,9,12.5,25,15,0,miercoles,soleado,1,70,34.2,21.9,0.328
La Roma,Boston,11,16.0,32,17,1,miercoles,tormenta,1,78,85.6,11.2,1.0
Estadio,Terminal,8,10.5,21,7,1,sabado,soleado,1,38,34.6,18.2,0.925
Cuba,Terminal,10,15.0,30,15,0,sabado,soleado,1,69,30.5,29.5,0.3
Centro,Cuba,9,13.5,27,6,1,sabado,lluvia,1,70,41.5,19.5,0.787
Cuba,Dosquebradas,12,18.5,36,7,1,sabado,nublado,1,80,65.5,16.9,1.0
Cuba,Dosquebradas,12,18.5,36,9,1,domingo,nublado,1,19,43.1,25.8,0.65
Boston,Kennedy,8,11.5,23,16,0,miercoles,soleado,0,34,32.5,21.2,0.567
Galicia,Boston,10,14.0,28,19,1,domingo,soleado,0,61,30.7,27.4,0.639
Villa Santana,Nacederos,11,16.5,33,8,1,lunes,nublado,1,64,77.2,12.8,0.966
Simón Bolívar,Villa Santana,7,9.5,20,13,0,sabado,soleado,1,77,23.3,24.5,0.435
Cuba,Terminal,10,15.0,30,19,1,martes,lluvia,1,26,64.4,14.0,0.958
Galicia,Boston,10,14.0,28,16,0,sabado,soleado,1,53,38.6,21.8,0.585
La Roma,Boston,11,16.0,32,10,0,domingo,soleado,0,30,30.9,31.1,0.302
Villa Santana,Nacederos,11,16.5,33,20,0,lunes,soleado,1,74,48.7,20.3,0.372
Nacederos,Galicia,9,13.0,26,7,1,lunes,soleado,1,67,54.7,14.3,1.0
Cuba,Terminal,10,15.0,30,9,1,miercoles,nublado,1,74,52.8,17.0,0.673
La Roma,Boston,11,16.0,32,22,0,sabado,nublado,0,70,27.2,35.3,0.065
Av. 30 de Agosto,Dosquebradas,9,12.5,25,8,1,viernes,soleado,0,35,49.2,15.2,1.0
Galicia,Boston,10,14.0,28,21,0,miercoles,lluvia,1,40,41.5,20.2,0.233
Cuba,Centro,9,13.5,27,14,0,viernes,nublado,0,34,35.0,23.1,0.303
La Roma,Boston,11,16.0,32,15,0,domingo,lluvia,0,18,32.3,29.7,0.394
Simón Bolívar,Villa Santana,7,9.5,20,13,0,sabado,soleado,1,18,24.7,23.1,0.508
Estadio,Terminal,8,10.5,21,14,0,jueves,soleado,1,53,27.2,23.2,0.323
Cuba,Centro,9,13.5,27,19,1,jueves,soleado,0,58,41.7,19.4,0.577
Río Otún,El Plumón,8,11.0,22,15,0,sabado,tormenta,1,66,31.1,21.2,0.411
Terminal,Cuba,10,15.0,30,8,1,miercoles,soleado,0,49,53.0,17.0,0.843
Cuba,Dosquebradas,12,18.5,36,14,0,jueves,lluvia,1,46,64.2,17.3,0.428
Av. 30 de Agosto,Dosquebradas,9,12.5,25,15,0,viernes,nublado,0,35,34.6,21.7,0.293
Centro,Cuba,9,13.5,27,14,0,jueves,soleado,1,79,35.0,23.1,0.282
Nacederos,Galicia,9,13.0,26,16,0,lunes,soleado,1,75,39.1,19.9,0.469
Cuba,Terminal,10,15.0,30,18,1,martes,lluvia,1,66,73.8,12.2,1.0
Nacederos,Galicia,9,13.0,26,22,0,martes,soleado,1,24,26.4,29.5,0.06
Terminal,Cuba,10,15.0,30,13,0,domingo,tormenta,0,31,46.0,19.6,0.602
Simón Bolívar,Villa Santana,7,9.5,20,15,0,viernes,lluvia,0,40,33.7,16.9,0.337
Cuba,Dosquebradas,12,18.5,36,6,1,lunes,soleado,1,75,56.8,19.5,0.492
La Roma,Boston,11,16.0,32,21,0,martes,soleado,1,35,36.2,26.5,0.19
Av. 30 de Agosto,Dosquebradas,9,12.5,25,14,0,viernes,soleado,1,53,36.1,20.8,0.261
Galicia,Boston,10,14.0,28,8,1,jueves,nublado,0,75,51.4,16.3,1.0
Simón Bolívar,Villa Santana,7,9.5,20,12,0,sabado,soleado,1,36,23.9,23.8,0.456
Simón Bolívar,Villa Santana,7,9.5,20,17,1,martes,lluvia,0,19,45.3,12.6,1.0
Villa Santana,Nacederos,11,16.5,33,5,0,jueves,soleado,0,67,31.4,31.5,0.0
Simón Bolívar,Villa Santana,7,9.5,20,20,0,domingo,lluvia,0,32,23.1,24.7,0.424
Boston,Kennedy,8,11.5,23,20,0,viernes,soleado,0,73,34.4,20.1,0.318
Galicia,Boston,10,14.0,28,13,0,viernes,soleado,0,50,42.5,19.8,0.408
Estadio,Terminal,8,10.5,21,14,0,sabado,soleado,1,55,22.8,27.6,0.311
La Roma,Boston,11,16.0,32,13,0,miercoles,soleado,1,65,49.1,19.6,0.556
Simón Bolívar,Villa Santana,7,9.5,20,9,1,miercoles,soleado,0,59,31.9,17.9,0.64
Río Otún,El Plumón,8,11.0,22,20,0,martes,soleado,1,49,27.1,24.4,0.379
Nacederos,Galicia,9,13.0,26,12,0,martes,soleado,0,44,29.8,26.2,0.379
Río Otún,El Plumón,8,11.0,22,20,0,lunes,nublado,0,15,31.9,20.7,0.4
Cuba,Centro,9,13.5,27,18,1,sabado,lluvia,1,76,60.2,13.5,1.0
Estadio,Terminal,8,10.5,21,15,0,miercoles,nublado,0,44,25.6,24.6,0.311
La Roma,Boston,11,16.0,32,6,1,martes,soleado,0,19,48.0,20.0,0.485
Centro,Cuba,9,13.5,27,10,0,sabado,tormenta,1,19,37.1,21.8,0.436
Cuba,Terminal,10,15.0,30,15,0,miercoles,soleado,1,32,40.8,22.1,0.303
Villa Santana,Nacederos,11,16.5,33,8,1,miercoles,soleado,1,47,67.6,14.6,0.887
Galicia,Boston,10,14.0,28,14,0,viernes,nublado,0,37,39.7,21.2,0.304
Kennedy,Dosquebradas,10,15.0,30,18,1,viernes,soleado,1,27,64.9,13.9,0.981
Galicia,Boston,10,14.0,28,12,0,lunes,soleado,0,72,38.8,21.6,0.442
Estadio,Terminal,8,10.5,21,5,0,miercoles,nublado,0,22,20.3,31.0,0.0
Cuba,Centro,9,13.5,27,17,1,sabado,nublado,1,30,49.0,16.5,1.0
Galicia,Boston,10,14.0,28,12,0,martes,tormenta,1,34,53.8,15.6,0.687
Galicia,Boston,10,14.0,28,18,1,sabado,nublado,1,42,53.6,15.7,1.0
Nacederos,Galicia,9,13.0,26,7,1,viernes,soleado,1,24,61.4,12.7,0.864
Av. 30 de Agosto,Dosquebradas,9,12.5,25,22,0,viernes,soleado,0,36,26.1,28.7,0.056
Cuba,Terminal,10,15.0,30,11,0,sabado,nublado,0,80,29.4,30.6,0.202
Cuba,Centro,9,13.5,27,21,0,jueves,soleado,0,74,30.2,26.8,0.157
Cuba,Dosquebradas,12,18.5,36,17,1,miercoles,lluvia,0,24,73.0,15.2,1.0
Cuba,Terminal,10,15.0,30,22,0,lunes,lluvia,0,75,33.6,26.8,0.068
Simón Bolívar,Villa Santana,7,9.5,20,9,1,domingo,nublado,1,62,28.4,20.1,0.681
Av. 30 de Agosto,Dosquebradas,9,12.5,25,17,1,jueves,soleado,0,59,42.4,17.7,1.0
Kennedy,Dosquebradas,10,15.0,30,21,0,martes,nublado,0,15,34.8,25.9,0.2
Centro,Cuba,9,13.5,27,22,0,jueves,nublado,0,46,27.3,29.7,0.052
Villa Santana,Nacederos,11,16.5,33,8,1,lunes,lluvia,1,17,80.5,12.3,1.0
Nacederos,Galicia,9,13.0,26,6,1,jueves,nublado,0,46,40.2,19.4,0.51
Villa Santana,Nacederos,11,16.5,33,22,0,martes,lluvia,0,32,39.0,25.4,0.065
Av. 30 de Agosto,Dosquebradas,9,12.5,25,15,0,viernes,nublado,1,45,36.6,20.5,0.286
Boston,Kennedy,8,11.5,23,21,0,martes,soleado,1,22,26.9,25.7,0.188
Río Otún,El Plumón,8,11.0,22,10,0,sabado,nublado,1,21,27.5,24.0,0.363
Boston,Kennedy,8,11.5,23,17,1,domingo,nublado,1,67,33.6,20.5,1.0
Simón Bolívar,Villa Santana,7,9.5,20,22,0,jueves,soleado,0,53,20.8,27.4,0.05
Centro,Cuba,9,13.5,27,6,1,viernes,soleado,1,32,45.3,17.9,0.51
Galicia,Boston,10,14.0,28,7,1,jueves,lluvia,0,39,56.8,14.8,1.0
Nacederos,Galicia,9,13.0,26,6,1,domingo,soleado,0,76,25.5,30.6,0.561
Estadio,Terminal,8,10.5,21,5,0,martes,lluvia,0,76,25.4,24.8,0.0
Río Otún,El Plumón,8,11.0,22,11,0,jueves,lluvia,1,51,33.5,19.7,0.309
Galicia,Boston,10,14.0,28,14,0,miercoles,soleado,1,74,32.7,25.7,0.35
Centro,Cuba,9,13.5,27,15,0,martes,soleado,1,20,34.7,23.3,0.28
Cuba,Centro,9,13.5,27,5,0,miercoles,nublado,1,52,25.9,31.3,0.0
Kennedy,Dosquebradas,10,15.0,30,12,0,jueves,nublado,1,47,47.3,19.0,0.448
Río Otún,El Plumón,8,11.0,22,20,0,jueves,soleado,1,36,27.9,23.7,0.372
Cuba,Centro,9,13.5,27,22,0,sabado,tormenta,0,24,33.3,24.3,0.082
Simón Bolívar,Villa Santana,7,9.5,20,5,0,jueves,soleado,0,23,19.1,29.8,0.0
Terminal,Cuba,10,15.0,30,19,1,miercoles,soleado,1,77,43.8,20.5,0.679
Kennedy,Dosquebradas,10,15.0,30,5,0,lunes,nublado,1,51,29.3,30.7,0.0
Boston,Kennedy,8,11.5,23,18,1,domingo,lluvia,0,28,43.6,15.8,1.0
Villa Santana,Nacederos,11,16.5,33,11,0,viernes,nublado,1,49,50.9,19.4,0.224
Kennedy,Dosquebradas,10,15.0,30,19,1,viernes,soleado,0,53,52.3,17.2,0.675
Boston,Kennedy,8,11.5,23,6,1,lunes,soleado,1,75,33.0,20.9,0.469
Cuba,Centro,9,13.5,27,7,1,jueves,lluvia,1,27,71.4,11.3,1.0
Villa Santana,Nacederos,11,16.5,33,11,0,domingo,nublado,1,49,29.1,34.0,0.224
La Roma,Boston,11,16.0,32,13,0,viernes,nublado,0,37,54.7,17.6,0.441
Villa Santana,Nacederos,11,16.5,33,9,1,domingo,lluvia,1,24,48.8,20.3,0.856
Nacederos,Galicia,9,13.0,26,17,1,sabado,lluvia,1,64,57.5,13.6,1.0
Río Otún,El Plumón,8,11.0,22,7,1,viernes,nublado,1,21,46.3,14.3,0.944
Cuba,Terminal,10,15.0,30,15,0,viernes,lluvia,1,56,49.3,18.3,0.356
Centro,Cuba,9,13.5,27,20,0,martes,soleado,1,70,33.6,24.1,0.376
Kennedy,Dosquebradas,10,15.0,30,7,1,domingo,nublado,0,24,38.1,23.6,0.837
Río Otún,El Plumón,8,11.0,22,9,1,sabado,soleado,1,28,28.0,23.6,0.762
Centro,Cuba,9,13.5,27,16,0,domingo,soleado,0,26,26.3,30.8,0.492
Terminal,Cuba,10,15.0,30,21,0,jueves,soleado,0,60,32.8,27.4,0.172
Simón Bolívar,Villa Santana,7,9.5,20,15,0,domingo,soleado,1,67,18.9,30.2,0.267
La Roma,Boston,11,16.0,32,22,0,martes,nublado,0,63,29.7,32.3,0.054
Estadio,Terminal,8,10.5,21,20,0,martes,soleado,1,50,27.5,22.9,0.365
Cuba,Terminal,10,15.0,30,16,0,miercoles,lluvia,1,40,55.8,16.1,0.612
Cuba,Dosquebradas,12,18.5,36,17,1,miercoles,lluvia,1,57,87.3,12.7,1.0
Av. 30 de Agosto,Dosquebradas,9,12.5,25,9,1,miercoles,soleado,0,76,35.4,21.2,0.696
Galicia,Boston,10,14.0,28,14,0,sabado,nublado,1,46,30.9,27.2,0.3
Simón Bolívar,Villa Santana,7,9.5,20,17,1,miercoles,soleado,0,38,37.0,15.4,0.959
Río Otún,El Plumón,8,11.0,22,19,1,sabado,soleado,1,23,32.4,20.4,0.732
Kennedy,Dosquebradas,10,15.0,30,20,0,martes,nublado,0,47,39.2,23.0,0.373
Simón Bolívar,Villa Santana,7,9.5,20,17,1,lunes,soleado,1,66,41.4,13.8,1.0
Av. 30 de Agosto,Dosquebradas,9,12.5,25,18,1,viernes,soleado,1,25,53.2,14.1,1.0
Boston,Kennedy,8,11.5,23,16,0,martes,nublado,0,66,36.0,19.2,0.498
Simón Bolívar,Villa Santana,7,9.5,20,18,1,lunes,soleado,1,43,42.4,13.4,1.0
Nacederos,Galicia,9,13.0,26,12,0,jueves,soleado,1,79,34.5,22.6,0.492
Centro,Cuba,9,13.5,27,8,1,miercoles,soleado,0,29,51.4,15.8,1.0
Galicia,Boston,10,14.0,28,14,0,miercoles,soleado,0,76,31.4,26.8,0.244
Río Otún,El Plumón,8,11.0,22,19,1,miercoles,soleado,0,29,29.3,22.5,0.582
Cuba,Terminal,10,15.0,30,10,0,sabado,soleado,0,35,28.7,31.4,0.272
Centro,Cuba,9,13.5,27,12,0,domingo,soleado,0,38,26.6,30.5,0.381
Cuba,Dosquebradas,12,18.5,36,11,0,jueves,nublado,1,15,49.1,22.6,0.234
Simón Bolívar,Villa Santana,7,9.5,20,7,1,viernes,soleado,0,61,38.2,14.9,0.878
Estadio,Terminal,8,10.5,21,20,0,viernes,tormenta,1,64,45.6,13.8,0.527
Galicia,Boston,10,14.0,28,16,0,domingo,soleado,0,53,31.6,26.6,0.514
Boston,Kennedy,8,11.5,23,9,1,miercoles,soleado,1,29,34.8,19.8,0.711
Terminal,Cuba,10,15.0,30,17,1,jueves,nublado,1,69,59.6,15.1,1.0
Río Otún,El Plumón,8,11.0,22,10,0,viernes,soleado,1,32,29.9,22.1,0.337
Nacederos,Galicia,9,13.0,26,6,1,domingo,soleado,0,77,25.1,31.1,0.547
Terminal,Cuba,10,15.0,30,21,0,sabado,soleado,1,68,30.9,29.1,0.18
Cuba,Centro,9,13.5,27,7,1,viernes,soleado,0,52,48.5,16.7,0.816
Estadio,Terminal,8,10.5,21,10,0,domingo,soleado,1,80,18.8,33.5,0.27
Simón Bolívar,Villa Santana,7,9.5,20,22,0,domingo,tormenta,0,71,20.3,28.1,0.089
Cuba,Terminal,10,15.0,30,12,0,miercoles,lluvia,0,72,45.0,20.0,0.539
Cuba,Terminal,10,15.0,30,19,1,domingo,tormenta,0,41,50.0,18.0,0.878
Galicia,Boston,10,14.0,28,18,1,martes,nublado,0,41,57.3,14.7,1.0
Terminal,Cuba,10,15.0,30,13,0,viernes,nublado,1,52,49.8,18.1,0.478
Av. 30 de Agosto,Dosquebradas,9,12.5,25,21,0,sabado,lluvia,0,67,30.5,24.6,0.239
Av. 30 de Agosto,Dosquebradas,9,12.5,25,9,1,sabado,lluvia,0,33,41.0,18.3,0.839
Simón Bolívar,Villa Santana,7,9.5,20,17,1,jueves,soleado,1,68,39.4,14.5,0.907
Simón Bolívar,Villa Santana,7,9.5,20,7,1,jueves,nublado,1,62,40.8,14.0,1.0
Nacederos,Galicia,9,13.0,26,5,0,domingo,lluvia,0,73,22.7,34.4,0.0
Av. 30 de Agosto,Dosquebradas,9,12.5,25,7,1,domingo,nublado,0,69,36.9,20.3,0.932
Galicia,Boston,10,14.0,28,14,0,miercoles,nublado,0,77,35.9,23.4,0.326
Simón Bolívar,Villa Santana,7,9.5,20,6,1,lunes,soleado,1,17,29.1,19.6,0.609
Centro,Cuba,9,13.5,27,19,1,lunes,tormenta,1,40,70.4,11.5,1.0
La Roma,Boston,11,16.0,32,14,0,martes,lluvia,1,26,52.4,18.3,0.353
Galicia,Boston,10,14.0,28,10,0,lunes,soleado,1,44,36.7,22.9,0.268
Cuba,Terminal,10,15.0,30,5,0,martes,soleado,0,43,26.9,33.5,0.0
Cuba,Dosquebradas,12,18.5,36,15,0,domingo,soleado,1,31,34.7,32.0,0.281
Cuba,Terminal,10,15.0,30,8,1,lunes,soleado,1,32,60.3,14.9,1.0
Av. 30 de Agosto,Dosquebradas,9,12.5,25,9,1,sabado,tormenta,0,23,44.4,16.9,0.729
Boston,Kennedy,8,11.5,23,10,0,jueves,soleado,0,34,29.6,23.3,0.287
Centro,Cuba,9,13.5,27,11,0,lunes,lluvia,0,30,39.7,20.4,0.268
Kennedy,Dosquebradas,10,15.0,30,15,0,domingo,soleado,1,25,27.6,32.6,0.315
Río Otún,El Plumón,8,11.0,22,14,0,domingo,lluvia,0,53,22.8,28.9,0.358
Villa Santana,Nacederos,11,16.5,33,17,1,miercoles,nublado,0,78,60.4,16.4,0.915
Boston,Kennedy,8,11.5,23,7,1,viernes,lluvia,0,61,61.9,11.1,0.988
Av. 30 de Agosto,Dosquebradas,9,12.5,25,18,1,miercoles,nublado,0,75,52.6,14.3,1.0
Cuba,Dosquebradas,12,18.5,36,7,1,lunes,soleado,0,22,71.2,15.6,0.862
Estadio,Terminal,8,10.5,21,21,0,domingo,soleado,1,25,19.0,33.2,0.185
Cuba,Centro,9,13.5,27,13,0,lunes,soleado,0,34,37.4,21.7,0.43
Boston,Kennedy,8,11.5,23,7,1,miercoles,nublado,0,22,39.7,17.4,1.0
Cuba,Terminal,10,15.0,30,19,1,viernes,nublado,1,37,53.8,16.7,0.75
Río Otún,El Plumón,8,11.0,22,5,0,martes,soleado,1,48,20.2,32.7,0.0
Simón Bolívar,Villa Santana,7,9.5,20,13,0,sabado,lluvia,0,57,29.9,19.1,0.518
Cuba,Terminal,10,15.0,30,13,0,sabado,tormenta,0,78,46.8,19.2,0.596
Centro,Cuba,9,13.5,27,10,0,miercoles,soleado,0,29,29.5,27.5,0.279
Cuba,Dosquebradas,12,18.5,36,5,0,martes,soleado,1,64,38.3,29.0,0.0
Av. 30 de Agosto,Dosquebradas,9,12.5,25,6,1,viernes,lluvia,1,43,51.7,14.5,0.67
Río Otún,El Plumón,8,11.0,22,15,0,miercoles,lluvia,1,30,35.0,18.9,0.428
Cuba,Centro,9,13.5,27,12,0,domingo,nublado,0,66,24.9,32.5,0.404
Estadio,Terminal,8,10.5,21,14,0,miercoles,soleado,1,16,26.0,24.2,0.286
Simón Bolívar,Villa Santana,7,9.5,20,14,0,sabado,nublado,1,62,23.3,24.5,0.32
Simón Bolívar,Villa Santana,7,9.5,20,11,0,sabado,lluvia,0,34,21.3,26.8,0.27
Villa Santana,Nacederos,11,16.5,33,22,0,miercoles,nublado,0,57,29.5,33.6,0.061
Av. 30 de Agosto,Dosquebradas,9,12.5,25,14,0,lunes,soleado,0,68,30.2,24.8,0.241
Cuba,Centro,9,13.5,27,13,0,lunes,soleado,0,67,38.6,21.0,0.427
Río Otún,El Plumón,8,11.0,22,7,1,viernes,soleado,0,65,39.9,16.5,0.907
Kennedy,Dosquebradas,10,15.0,30,9,1,martes,soleado,1,65,50.5,17.8,0.72
Galicia,Boston,10,14.0,28,19,1,miercoles,soleado,0,32,43.5,19.3,0.627
Cuba,Centro,9,13.5,27,8,1,martes,soleado,1,67,49.0,16.5,0.995
Simón Bolívar,Villa Santana,7,9.5,20,11,0,jueves,soleado,1,30,22.9,24.9,0.267
Estadio,Terminal,8,10.5,21,6,1,martes,lluvia,1,33,36.2,17.4,0.636
Galicia,Boston,10,14.0,28,17,1,viernes,soleado,1,48,66.9,12.6,0.937
Kennedy,Dosquebradas,10,15.0,30,19,1,viernes,nublado,0,27,52.5,17.1,0.7
Cuba,Centro,9,13.5,27,8,1,lunes,soleado,0,31,47.4,17.1,0.916
Boston,Kennedy,8,11.5,23,7,1,viernes,nublado,0,17,52.6,13.1,0.849
Boston,Kennedy,8,11.5,23,19,1,domingo,soleado,1,30,25.7,26.8,0.664
Cuba,Centro,9,13.5,27,18,1,domingo,nublado,1,18,42.6,19.0,1.0
Galicia,Boston,10,14.0,28,11,0,martes,soleado,1,34,30.8,27.3,0.253
Villa Santana,Nacederos,11,16.5,33,14,0,jueves,soleado,1,22,39.6,25.0,0.295
Kennedy,Dosquebradas,10,15.0,30,11,0,sabado,lluvia,0,17,38.9,23.1,0.301
Galicia,Boston,10,14.0,28,20,0,viernes,lluvia,1,79,51.2,16.4,0.427
Cuba,Dosquebradas,12,18.5,36,15,0,viernes,soleado,1,22,55.5,20.0,0.303
Galicia,Boston,10,14.0,28,12,0,martes,soleado,0,49,35.5,23.7,0.423
Río Otún,El Plumón,8,11.0,22,6,1,domingo,tormenta,0,64,31.1,21.2,0.771
Av. 30 de Agosto,Dosquebradas,9,12.5,25,10,0,martes,soleado,1,60,34.4,21.8,0.262
Río Otún,El Plumón,8,11.0,22,16,0,viernes,nublado,0,78,36.3,18.2,0.474
Cuba,Dosquebradas,12,18.5,36,7,1,lunes,soleado,0,17,65.7,16.9,0.756
La Roma,Boston,11,16.0,32,11,0,domingo,soleado,0,56,24.5,39.2,0.199
Río Otún,El Plumón,8,11.0,22,9,1,domingo,soleado,1,24,26.4,25.0,0.761
Kennedy,Dosquebradas,10,15.0,30,8,1,miercoles,soleado,0,35,56.0,16.1,0.927
Boston,Kennedy,8,11.5,23,20,0,sabado,soleado,1,43,27.1,25.5,0.401
Kennedy,Dosquebradas,10,15.0,30,14,0,sabado,nublado,0,37,32.6,27.6,0.331
Nacederos,Galicia,9,13.0,26,17,1,domingo,tormenta,0,38,50.5,15.4,1.0
Nacederos,Galicia,9,13.0,26,12,0,sabado,nublado,1,33,31.3,24.9,0.392
Galicia,Boston,10,14.0,28,15,0,martes,nublado,0,57,33.6,25.0,0.271
Villa Santana,Nacederos,11,16.5,33,7,1,miercoles,soleado,0,15,52.0,19.0,0.872
Kennedy,Dosquebradas,10,15.0,30,10,0,jueves,soleado,1,59,39.6,22.7,0.269
Centro,Cuba,9,13.5,27,12,0,martes,soleado,0,52,30.8,26.3,0.361
Cuba,Terminal,10,15.0,30,7,1,miercoles,soleado,1,35,59.8,15.1,0.992
La Roma,Boston,11,16.0,32,7,1,miercoles,nublado,1,18,63.2,15.2,1.0
Nacederos,Galicia,9,13.0,26,18,1,martes,soleado,1,41,57.5,13.6,1.0
Terminal,Cuba,10,15.0,30,22,0,miercoles,nublado,1,45,30.1,29.9,0.062
Terminal,Cuba,10,15.0,30,20,0,martes,soleado,0,69,33.2,27.1,0.366
Boston,Kennedy,8,11.5,23,20,0,martes,soleado,0,36,28.5,24.2,0.381
Centro,Cuba,9,13.5,27,8,1,miercoles,lluvia,1,77,71.5,11.3,1.0
Boston,Kennedy,8,11.5,23,22,0,jueves,soleado,1,62,23.1,29.9,0.053
Centro,Cuba,9,13.5,27,19,1,miercoles,soleado,1,22,40.6,20.0,0.712
Cuba,Terminal,10,15.0,30,7,1,sabado,soleado,1,44,49.5,18.2,1.0
Av. 30 de Agosto,Dosquebradas,9,12.5,25,21,0,jueves,tormenta,1,45,41.4,18.1,0.224
La Roma,Boston,11,16.0,32,6,1,viernes,nublado,0,30,57.1,16.8,0.517
Cuba,Centro,9,13.5,27,11,0,domingo,soleado,0,69,20.8,38.9,0.234
Villa Santana,Nacederos,11,16.5,33,9,1,domingo,nublado,1,23,39.2,25.3,0.718
Terminal,Cuba,10,15.0,30,15,0,domingo,soleado,1,16,30.7,29.3,0.317
Terminal,Cuba,10,15.0,30,18,1,lunes,soleado,0,27,62.7,14.4,1.0
Cuba,Terminal,10,15.0,30,14,0,domingo,nublado,1,67,29.1,30.9,0.336
Nacederos,Galicia,9,13.0,26,20,0,lunes,soleado,1,33,37.0,21.1,0.387
Kennedy,Dosquebradas,10,15.0,30,6,1,jueves,lluvia,1,45,52.7,17.1,0.682
Estadio,Terminal,8,10.5,21,16,0,lunes,soleado,1,54,31.6,19.9,0.549
Río Otún,El Plumón,8,11.0,22,8,1,domingo,soleado,1,71,34.7,19.0,0.983
Río Otún,El Plumón,8,11.0,22,18,1,viernes,nublado,0,71,45.7,14.4,1.0
Río Otún,El Plumón,8,11.0,22,20,0,domingo,nublado,1,22,23.4,28.2,0.346
Estadio,Terminal,8,10.5,21,21,0,jueves,soleado,0,37,21.3,29.6,0.183
Av. 30 de Agosto,Dosquebradas,9,12.5,25,6,1,martes,soleado,0,61,35.5,21.1,0.466
Av. 30 de Agosto,Dosquebradas,9,12.5,25,19,1,viernes,soleado,0,18,39.8,18.8,0.609
Centro,Cuba,9,13.5,27,10,0,domingo,soleado,1,59,24.4,33.2,0.342
Río Otún,El Plumón,8,11.0,22,7,1,miercoles,soleado,0,35,40.8,16.2,0.964
Villa Santana,Nacederos,11,16.5,33,12,0,sabado,soleado,0,49,36.7,27.0,0.39
Av. 30 de Agosto,Dosquebradas,9,12.5,25,5,0,jueves,lluvia,0,16,27.1,27.7,0.0
Estadio,Terminal,8,10.5,21,13,0,jueves,lluvia,1,73,37.0,17.0,0.605
Boston,Kennedy,8,11.5,23,21,0,domingo,nublado,0,15,19.4,35.6,0.184
Av. 30 de Agosto,Dosquebradas,9,12.5,25,16,0,viernes,nublado,1,53,46.7,16.1,0.574
Galicia,Boston,10,14.0,28,13,0,sabado,soleado,1,48,35.7,23.5,0.555
Boston,Kennedy,8,11.5,23,14,0,martes,soleado,0,22,28.2,24.5,0.303
Nacederos,Galicia,9,13.0,26,17,1,sabado,soleado,0,18,41.0,19.0,1.0
Estadio,Terminal,8,10.5,21,18,1,jueves,soleado,0,39,38.4,16.4,1.0
Boston,Kennedy,8,11.5,23,22,0,sabado,lluvia,1,79,24.6,28.0,0.069
Boston,Kennedy,8,11.5,23,22,0,martes,soleado,1,31,25.1,27.5,0.065
Terminal,Cuba,10,15.0,30,10,0,sabado,lluvia,0,43,36.1,24.9,0.373
Estadio,Terminal,8,10.5,21,18,1,domingo,lluvia,1,48,41.1,15.3,1.0
Cuba,Terminal,10,15.0,30,20,0,lunes,lluvia,0,75,51.1,17.6,0.417
Av. 30 de Agosto,Dosquebradas,9,12.5,25,17,1,viernes,soleado,0,34,47.3,15.9,0.86
Kennedy,Dosquebradas,10,15.0,30,19,1,martes,soleado,0,25,44.0,20.5,0.635
Cuba,Centro,9,13.5,27,15,0,sabado,soleado,1,50,27.7,29.2,0.331
Nacederos,Galicia,9,13.0,26,10,0,jueves,lluvia,0,31,39.5,19.7,0.361
Kennedy,Dosquebradas,10,15.0,30,18,1,jueves,soleado,0,40,59.3,15.2,1.0
La Roma,Boston,11,16.0,32,15,0,domingo,lluvia,0,17,36.4,26.4,0.36
Villa Santana,Nacederos,11,16.5,33,12,0,sabado,lluvia,1,31,45.1,22.0,0.535
Estadio,Terminal,8,10.5,21,10,0,lunes,lluvia,1,52,34.6,18.2,0.384
Terminal,Cuba,10,15.0,30,15,0,jueves,lluvia,0,58,49.0,18.4,0.346
Simón Bolívar,Villa Santana,7,9.5,20,11,0,martes,lluvia,1,17,28.7,19.9,0.326
Cuba,Centro,9,13.5,27,11,0,sabado,soleado,0,30,24.8,32.7,0.232
Cuba,Dosquebradas,12,18.5,36,17,1,sabado,soleado,0,21,56.9,19.5,0.988
Cuba,Dosquebradas,12,18.5,36,6,1,sabado,soleado,1,63,42.8,25.9,0.509
Río Otún,El Plumón,8,11.0,22,9,1,martes,nublado,0,53,33.4,19.8,0.565
Terminal,Cuba,10,15.0,30,13,0,viernes,nublado,0,68,50.4,17.9,0.411
Río Otún,El Plumón,8,11.0,22,8,1,miercoles,soleado,0,78,36.9,17.9,0.859
Estadio,Terminal,8,10.5,21,21,0,martes,soleado,1,52,22.6,27.9,0.186
La Roma,Boston,11,16.0,32,11,0,sabado,lluvia,1,45,37.4,25.7,0.321
La Roma,Boston,11,16.0,32,8,1,domingo,nublado,1,34,54.8,17.5,1.0
Cuba,Terminal,10,15.0,30,8,1,miercoles,nublado,1,52,58.9,15.3,0.944
Av. 30 de Agosto,Dosquebradas,9,12.5,25,10,0,domingo,soleado,1,61,25.7,29.2,0.288
Río Otún,El Plumón,8,11.0,22,8,1,lunes,lluvia,0,16,55.0,12.0,1.0
Cuba,Centro,9,13.5,27,15,0,miercoles,lluvia,1,26,41.8,19.4,0.364
Cuba,Terminal,10,15.0,30,17,1,jueves,tormenta,1,64,88.0,10.2,1.0
Kennedy,Dosquebradas,10,15.0,30,10,0,lunes,soleado,0,35,33.4,26.9,0.312
Centro,Cuba,9,13.5,27,19,1,martes,nublado,1,18,49.2,16.5,0.786
Río Otún,El Plumón,8,11.0,22,9,1,jueves,lluvia,0,67,41.1,16.1,0.664
Boston,Kennedy,8,11.5,23,15,0,lunes,nublado,0,58,29.3,23.5,0.308
Nacederos,Galicia,9,13.0,26,8,1,jueves,nublado,0,76,48.6,16.0,1.0
Kennedy,Dosquebradas,10,15.0,30,9,1,domingo,lluvia,0,16,43.2,20.8,0.685
Av. 30 de Agosto,Dosquebradas,9,12.5,25,20,0,domingo,soleado,0,24,24.2,31.0,0.315
Galicia,Boston,10,14.0,28,13,0,lunes,nublado,1,66,47.3,17.8,0.448
Centro,Cuba,9,13.5,27,19,1,lunes,lluvia,1,55,52.8,15.3,0.84
Boston,Kennedy,8,11.5,23,5,0,lunes,soleado,0,15,22.9,30.1,0.0
Nacederos,Galicia,9,13.0,26,14,0,viernes,nublado,1,58,38.6,20.2,0.278
Villa Santana,Nacederos,11,16.5,33,19,1,miercoles,nublado,1,61,58.4,17.0,0.624
Simón Bolívar,Villa Santana,7,9.5,20,12,0,lunes,soleado,1,62,30.2,18.9,0.369
Cuba,Centro,9,13.5,27,20,0,martes,lluvia,1,28,42.6,19.0,0.417
Cuba,Terminal,10,15.0,30,17,1,martes,soleado,0,58,49.3,18.3,0.92
La Roma,Boston,11,16.0,32,8,1,domingo,lluvia,1,79,55.5,17.3,1.0
Terminal,Cuba,10,15.0,30,6,1,viernes,lluvia,1,80,68.0,13.2,0.772
Río Otún,El Plumón,8,11.0,22,10,0,sabado,lluvia,0,64,28.1,23.5,0.358
Galicia,Boston,10,14.0,28,21,0,jueves,soleado,0,50,29.6,28.4,0.159
Estadio,Terminal,8,10.5,21,19,1,domingo,soleado,1,80,24.8,25.4,0.713
Av. 30 de Agosto,Dosquebradas,9,12.5,25,15,0,sabado,nublado,0,40,24.5,30.6,0.31
Boston,Kennedy,8,11.5,23,16,0,sabado,soleado,0,79,27.1,25.5,0.521
Río Otún,El Plumón,8,11.0,22,8,1,domingo,soleado,1,68,34.1,19.4,1.0
Terminal,Cuba,10,15.0,30,14,0,domingo,soleado,0,28,23.9,37.7,0.248
Boston,Kennedy,8,11.5,23,6,1,martes,soleado,0,51,32.5,21.2,0.447
Cuba,Dosquebradas,12,18.5,36,14,0,martes,lluvia,0,60,55.2,20.1,0.306
Av. 30 de Agosto,Dosquebradas,9,12.5,25,22,0,domingo,soleado,1,45,19.8,37.9,0.067
Río Otún,El Plumón,8,11.0,22,14,0,sabado,nublado,1,64,24.7,26.7,0.349
Boston,Kennedy,8,11.5,23,15,0,viernes,soleado,1,40,34.2,20.2,0.331
Av. 30 de Agosto,Dosquebradas,9,12.5,25,19,1,domingo,soleado,1,40,32.5,23.1,0.766
Estadio,Terminal,8,10.5,21,19,1,martes,tormenta,0,38,47.2,13.3,0.916
Cuba,Terminal,10,15.0,30,17,1,lunes,soleado,1,31,57.5,15.7,1.0
Cuba,Dosquebradas,12,18.5,36,15,0,jueves,nublado,0,20,41.8,26.6,0.276
Cuba,Dosquebradas,12,18.5,36,14,0,jueves,lluvia,1,24,62.1,17.9,0.361
Villa Santana,Nacederos,11,16.5,33,10,0,viernes,soleado,0,68,43.9,22.6,0.27
Galicia,Boston,10,14.0,28,12,0,martes,nublado,1,61,39.1,21.5,0.51
Nacederos,Galicia,9,13.0,26,21,0,jueves,tormenta,0,29,40.6,19.2,0.23
La Roma,Boston,11,16.0,32,12,0,lunes,nublado,1,63,52.8,18.2,0.509
Kennedy,Dosquebradas,10,15.0,30,13,0,viernes,nublado,0,62,47.4,19.0,0.468
Centro,Cuba,9,13.5,27,6,1,miercoles,lluvia,0,56,46.2,17.5,0.709
Cuba,Centro,9,13.5,27,22,0,viernes,soleado,0,41,30.2,26.8,0.06
Av. 30 de Agosto,Dosquebradas,9,12.5,25,18,1,domingo,soleado,1,24,40.4,18.6,0.986
Centro,Cuba,9,13.5,27,15,0,lunes,soleado,0,37,34.6,23.4,0.283
Nacederos,Galicia,9,13.0,26,12,0,miercoles,soleado,1,66,35.6,21.9,0.366
Boston,Kennedy,8,11.5,23,8,1,viernes,soleado,0,20,48.8,14.1,0.823
La Roma,Boston,11,16.0,32,21,0,lunes,soleado,1,26,37.0,25.9,0.207
Kennedy,Dosquebradas,10,15.0,30,17,1,domingo,nublado,1,35,47.4,19.0,0.972
Kennedy,Dosquebradas,10,15.0,30,22,0,miercoles,tormenta,0,53,41.1,21.9,0.087
Simón Bolívar,Villa Santana,7,9.5,20,16,0,lunes,nublado,0,30,27.3,20.9,0.536
Kennedy,Dosquebradas,10,15.0,30,22,0,viernes,lluvia,1,41,46.8,19.2,0.086
Galicia,Boston,10,14.0,28,11,0,jueves,lluvia,0,35,37.2,22.6,0.288
Estadio,Terminal,8,10.5,21,11,0,lunes,soleado,0,74,25.0,25.2,0.194
Boston,Kennedy,8,11.5,23,7,1,miercoles,soleado,1,57,42.6,16.2,1.0
Villa Santana,Nacederos,11,16.5,33,8,1,miercoles,nublado,0,55,61.7,16.0,0.941
Boston,Kennedy,8,11.5,23,14,0,sabado,nublado,1,55,28.7,24.0,0.289
Galicia,Boston,10,14.0,28,12,0,domingo,soleado,1,50,31.6,26.6,0.381
Río Otún,El Plumón,8,11.0,22,15,0,jueves,soleado,1,54,28.7,23.0,0.27
Boston,Kennedy,8,11.5,23,7,1,domingo,soleado,0,40,28.9,23.9,0.992
Cuba,Terminal,10,15.0,30,7,1,lunes,lluvia,0,66,71.7,12.6,1.0
Cuba,Dosquebradas,12,18.5,36,22,0,miercoles,nublado,1,34,38.2,29.1,0.059
Simón Bolívar,Villa Santana,7,9.5,20,14,0,martes,soleado,0,65,22.5,25.3,0.237
Villa Santana,Nacederos,11,16.5,33,10,0,domingo,nublado,1,35,31.4,31.5,0.364
Boston,Kennedy,8,11.5,23,9,1,sabado,nublado,1,20,31.6,21.8,0.703
Cuba,Terminal,10,15.0,30,13,0,miercoles,soleado,0,61,38.5,23.4,0.5
La Roma,Boston,11,16.0,32,6,1,lunes,tormenta,1,28,73.3,13.1,0.775
Av. 30 de Agosto,Dosquebradas,9,12.5,25,13,0,domingo,nublado,0,63,27.1,27.7,0.448
Boston,Kennedy,8,11.5,23,7,1,viernes,soleado,0,66,44.2,15.6,0.987
Centro,Cuba,9,13.5,27,20,0,viernes,soleado,0,71,34.8,23.3,0.291
Boston,Kennedy,8,11.5,23,13,0,martes,soleado,0,61,30.8,22.4,0.487
Boston,Kennedy,8,11.5,23,12,0,jueves,lluvia,0,76,38.6,17.9,0.483
Nacederos,Galicia,9,13.0,26,10,0,sabado,lluvia,0,46,29.2,26.7,0.355
Cuba,Centro,9,13.5,27,9,1,sabado,nublado,0,22,33.3,24.3,0.723
Terminal,Cuba,10,15.0,30,17,1,viernes,tormenta,0,51,93.3,9.6,1.0
Nacederos,Galicia,9,13.0,26,20,0,domingo,soleado,0,67,24.4,32.0,0.363
Av. 30 de Agosto,Dosquebradas,9,12.5,25,10,0,viernes,nublado,1,36,39.8,18.8,0.306
Centro,Cuba,9,13.5,27,7,1,martes,soleado,0,28,42.3,19.1,0.895
La Roma,Boston,11,16.0,32,21,0,sabado,soleado,0,27,26.9,35.7,0.187
Nacederos,Galicia,9,13.0,26,6,1,domingo,nublado,0,26,28.3,27.6,0.467
Nacederos,Galicia,9,13.0,26,22,0,domingo,soleado,1,68,20.1,38.8,0.053
Terminal,Cuba,10,15.0,30,18,1,martes,lluvia,1,63,73.5,12.2,1.0
La Roma,Boston,11,16.0,32,8,1,jueves,soleado,1,44,69.9,13.7,0.909
Nacederos,Galicia,9,13.0,26,22,0,jueves,soleado,0,15,25.7,30.4,0.049
Cuba,Dosquebradas,12,18.5,36,17,1,sabado,soleado,1,67,58.9,18.8,0.931
Boston,Kennedy,8,11.5,23,13,0,miercoles,lluvia,1,61,42.4,16.3,0.701
Kennedy,Dosquebradas,10,15.0,30,11,0,jueves,nublado,1,37,38.3,23.5,0.261
Estadio,Terminal,8,10.5,21,14,0,viernes,soleado,1,32,32.7,19.3,0.32
Río Otún,El Plumón,8,11.0,22,12,0,jueves,lluvia,0,27,33.6,19.6,0.472
Galicia,Boston,10,14.0,28,22,0,viernes,nublado,0,35,31.0,27.1,0.061
Simón Bolívar,Villa Santana,7,9.5,20,7,1,domingo,soleado,1,26,26.5,21.5,0.896
Cuba,Terminal,10,15.0,30,6,1,sabado,soleado,1,51,40.2,22.4,0.566
Simón Bolívar,Villa Santana,7,9.5,20,10,0,sabado,soleado,0,40,21.2,26.9,0.314
Terminal,Cuba,10,15.0,30,14,0,martes,soleado,0,36,35.9,25.1,0.266
Boston,Kennedy,8,11.5,23,5,0,martes,soleado,1,66,21.9,31.5,0.0
Nacederos,Galicia,9,13.0,26,11,0,viernes,soleado,0,26,33.1,23.6,0.237
Terminal,Cuba,10,15.0,30,16,0,miercoles,tormenta,1,43,64.4,14.0,0.699
La Roma,Boston,11,16.0,32,17,1,viernes,soleado,0,67,65.4,14.7,0.961
Terminal,Cuba,10,15.0,30,14,0,miercoles,lluvia,1,47,49.5,18.2,0.435
Nacederos,Galicia,9,13.0,26,20,0,domingo,soleado,1,73,27.3,28.6,0.41
Av. 30 de Agosto,Dosquebradas,9,12.5,25,5,0,jueves,soleado,0,63,23.6,31.8,0.0
Boston,Kennedy,8,11.5,23,12,0,domingo,soleado,1,16,25.3,27.3,0.397
Estadio,Terminal,8,10.5,21,7,1,jueves,nublado,1,24,43.7,14.4,0.928
Galicia,Boston,10,14.0,28,16,0,martes,lluvia,1,38,57.3,14.7,0.725
La Roma,Boston,11,16.0,32,11,0,jueves,nublado,0,45,40.9,23.5,0.213
Villa Santana,Nacederos,11,16.5,33,12,0,domingo,nublado,0,28,30.7,32.2,0.357
Boston,Kennedy,8,11.5,23,20,0,viernes,soleado,0,76,30.9,22.3,0.315
La Roma,Boston,11,16.0,32,13,0,jueves,soleado,1,65,44.9,21.4,0.5
Cuba,Dosquebradas,12,18.5,36,21,0,domingo,soleado,0,79,27.9,39.8,0.185
Simón Bolívar,Villa Santana,7,9.5,20,10,0,jueves,tormenta,1,55,38.0,15.0,0.365
Villa Santana,Nacederos,11,16.5,33,17,1,viernes,soleado,1,48,69.4,14.3,0.965
Estadio,Terminal,8,10.5,21,20,0,viernes,soleado,0,78,28.5,22.1,0.325
Simón Bolívar,Villa Santana,7,9.5,20,16,0,miercoles,lluvia,1,72,35.1,16.2,0.611
Nacederos,Galicia,9,13.0,26,12,0,domingo,soleado,1,45,27.8,28.1,0.474
Villa Santana,Nacederos,11,16.5,33,9,1,domingo,tormenta,0,75,54.9,18.0,0.773
Centro,Cuba,9,13.5,27,9,1,domingo,nublado,1,77,33.5,24.2,0.719
Nacederos,Galicia,9,13.0,26,6,1,jueves,soleado,0,22,34.4,22.7,0.463
Av. 30 de Agosto,Dosquebradas,9,12.5,25,8,1,jueves,nublado,1,61,51.5,14.6,1.0
Simón Bolívar,Villa Santana,7,9.5,20,13,0,miercoles,soleado,0,59,28.2,20.2,0.506
Villa Santana,Nacederos,11,16.5,33,22,0,martes,tormenta,1,60,46.3,21.4,0.086
Simón Bolívar,Villa Santana,7,9.5,20,19,1,lunes,soleado,1,74,34.8,16.4,0.601
Cuba,Centro,9,13.5,27,15,0,jueves,nublado,1,24,33.9,23.9,0.306
Galicia,Boston,10,14.0,28,15,0,sabado,soleado,1,65,29.1,28.9,0.301
Av. 30 de Agosto,Dosquebradas,9,12.5,25,16,0,sabado,nublado,1,67,31.5,23.8,0.639
Cuba,Centro,9,13.5,27,12,0,sabado,soleado,0,41,27.2,29.8,0.343
Cuba,Terminal,10,15.0,30,20,0,viernes,soleado,1,25,41.9,21.5,0.38
Cuba,Terminal,10,15.0,30,17,1,miercoles,soleado,1,71,60.4,14.9,0.924
Av. 30 de Agosto,Dosquebradas,9,12.5,25,10,0,lunes,soleado,1,56,35.7,21.0,0.303
Av. 30 de Agosto,Dosquebradas,9,12.5,25,22,0,miercoles,nublado,0,37,25.3,29.6,0.058
Río Otún,El Plumón,8,11.0,22,18,1,viernes,nublado,1,59,53.2,12.4,1.0
Cuba,Terminal,10,15.0,30,19,1,miercoles,soleado,1,34,46.6,19.3,0.571
Av. 30 de Agosto,Dosquebradas,9,12.5,25,9,1,miercoles,soleado,0,77,40.0,18.8,0.607
Cuba,Dosquebradas,12,18.5,36,18,1,domingo,soleado,0,15,50.9,21.8,0.907
La Roma,Boston,11,16.0,32,22,0,jueves,soleado,0,64,33.1,29.0,0.051
Cuba,Terminal,10,15.0,30,18,1,sabado,soleado,1,51,53.5,16.8,1.0
Estadio,Terminal,8,10.5,21,18,1,martes,lluvia,0,32,46.2,13.6,1.0
Nacederos,Galicia,9,13.0,26,19,1,miercoles,nublado,1,39,42.6,18.3,0.632
Terminal,Cuba,10,15.0,30,5,0,martes,tormenta,1,49,38.1,23.6,0.0
Cuba,Dosquebradas,12,18.5,36,12,0,lunes,soleado,1,42,50.6,21.9,0.404
Simón Bolívar,Villa Santana,7,9.5,20,20,0,miercoles,soleado,0,57,22.1,25.8,0.358
Cuba,Centro,9,13.5,27,6,1,miercoles,lluvia,0,75,43.1,18.8,0.699
Estadio,Terminal,8,10.5,21,17,1,domingo,soleado,0,64,30.1,20.9,0.928
Río Otún,El Plumón,8,11.0,22,6,1,martes,soleado,0,41,29.9,22.1,0.527
Estadio,Terminal,8,10.5,21,15,0,martes,nublado,0,30,24.2,26.0,0.304
Villa Santana,Nacederos,11,16.5,33,16,0,lunes,lluvia,0,29,55.9,17.7,0.613
Cuba,Dosquebradas,12,18.5,36,10,0,domingo,soleado,0,65,33.5,33.1,0.237
Cuba,Dosquebradas,12,18.5,36,20,0,sabado,nublado,1,26,40.9,27.1,0.385
Boston,Kennedy,8,11.5,23,15,0,domingo,nublado,0,60,21.9,31.5,0.309
Simón Bolívar,Villa Santana,7,9.5,20,8,1,martes,soleado,1,59,41.7,13.7,1.0
Villa Santana,Nacederos,11,16.5,33,5,0,sabado,soleado,0,47,27.3,36.3,0.0
Centro,Cuba,9,13.5,27,22,0,miercoles,nublado,1,39,29.9,27.1,0.065
Galicia,Boston,10,14.0,28,19,1,miercoles,lluvia,0,23,51.8,16.2,0.752
Av. 30 de Agosto,Dosquebradas,9,12.5,25,13,0,viernes,soleado,0,79,36.6,20.5,0.403
Cuba,Dosquebradas,12,18.5,36,16,0,domingo,nublado,1,23,44.6,24.9,0.584
Kennedy,Dosquebradas,10,15.0,30,11,0,viernes,nublado,0,51,38.3,23.5,0.243
Cuba,Terminal,10,15.0,30,8,1,viernes,nublado,0,31,60.1,15.0,0.852
Cuba,Terminal,10,15.0,30,20,0,martes,soleado,1,77,40.1,22.4,0.389
Estadio,Terminal,8,10.5,21,6,1,miercoles,soleado,0,16,31.1,20.3,0.456
Centro,Cuba,9,13.5,27,7,1,jueves,lluvia,0,61,60.8,13.3,1.0
Kennedy,Dosquebradas,10,15.0,30,16,0,domingo,nublado,1,20,37.7,23.9,0.635
Cuba,Terminal,10,15.0,30,11,0,viernes,soleado,0,64,35.5,25.4,0.224
Villa Santana,Nacederos,11,16.5,33,10,0,viernes,nublado,1,28,53.0,18.7,0.328
Boston,Kennedy,8,11.5,23,19,1,sabado,nublado,0,36,32.2,21.4,0.651
Terminal,Cuba,10,15.0,30,15,0,sabado,soleado,1,60,35.3,25.5,0.31
Galicia,Boston,10,14.0,28,16,0,jueves,lluvia,1,56,55.2,15.2,0.701
Villa Santana,Nacederos,11,16.5,33,17,1,domingo,nublado,1,61,56.6,17.5,1.0
Kennedy,Dosquebradas,10,15.0,30,5,0,sabado,soleado,1,17,25.3,35.6,0.0
Estadio,Terminal,8,10.5,21,5,0,miercoles,tormenta,0,55,23.7,26.6,0.0
Río Otún,El Plumón,8,11.0,22,13,0,viernes,nublado,0,27,31.4,21.0,0.446
Cuba,Centro,9,13.5,27,13,0,miercoles,lluvia,0,44,42.1,19.2,0.522
Nacederos,Galicia,9,13.0,26,17,1,viernes,lluvia,0,56,70.2,11.1,1.0
Av. 30 de Agosto,Dosquebradas,9,12.5,25,8,1,viernes,nublado,0,63,49.0,15.3,0.86
Simón Bolívar,Villa Santana,7,9.5,20,15,0,miercoles,lluvia,1,68,34.5,16.5,0.338
Simón Bolívar,Villa Santana,7,9.5,20,12,0,sabado,nublado,0,63,20.7,27.5,0.411
Galicia,Boston,10,14.0,28,22,0,viernes,soleado,0,34,27.5,30.5,0.059
Kennedy,Dosquebradas,10,15.0,30,19,1,domingo,nublado,0,43,34.8,25.9,0.697
Cuba,Centro,9,13.5,27,9,1,miercoles,soleado,0,66,37.8,21.4,0.593
Kennedy,Dosquebradas,10,15.0,30,9,1,domingo,soleado,0,77,32.9,27.4,0.624
Terminal,Cuba,10,15.0,30,21,0,martes,soleado,1,70,33.4,26.9,0.207
Cuba,Terminal,10,15.0,30,8,1,sabado,soleado,1,59,47.4,19.0,0.99
Boston,Kennedy,8,11.5,23,5,0,domingo,soleado,1,71,17.6,39.2,0.0
La Roma,Boston,11,16.0,32,12,0,martes,nublado,0,25,39.1,24.6,0.354
Nacederos,Galicia,9,13.0,26,9,1,domingo,lluvia,1,16,38.8,20.1,0.917
Estadio,Terminal,8,10.5,21,19,1,jueves,soleado,0,42,29.9,21.1,0.615
Estadio,Terminal,8,10.5,21,22,0,jueves,nublado,0,17,20.9,30.1,0.065
Terminal,Cuba,10,15.0,30,6,1,miercoles,soleado,1,40,47.7,18.9,0.569
Cuba,Dosquebradas,12,18.5,36,19,1,sabado,lluvia,0,64,58.5,19.0,0.801
La Roma,Boston,11,16.0,32,16,0,domingo,soleado,1,64,34.6,27.7,0.53
Río Otún,El Plumón,8,11.0,22,8,1,miercoles,soleado,0,38,36.9,17.9,1.0
Terminal,Cuba,10,15.0,30,5,0,lunes,soleado,1,57,30.8,29.2,0.0
Cuba,Dosquebradas,12,18.5,36,16,0,sabado,soleado,1,45,50.9,21.8,0.629
Estadio,Terminal,8,10.5,21,6,1,sabado,soleado,1,18,29.4,21.4,0.624
Villa Santana,Nacederos,11,16.5,33,9,1,miercoles,lluvia,0,26,63.4,15.6,0.769
Boston,Kennedy,8,11.5,23,12,0,jueves,soleado,0,69,32.6,21.2,0.437
Galicia,Boston,10,14.0,28,19,1,viernes,soleado,0,40,50.5,16.6,0.576
Río Otún,El Plumón,8,11.0,22,21,0,martes,soleado,0,35,22.3,29.6,0.17
Río Otún,El Plumón,8,11.0,22,8,1,martes,soleado,0,18,41.4,15.9,1.0
Kennedy,Dosquebradas,10,15.0,30,18,1,miercoles,soleado,1,34,64.0,14.1,0.97
Cuba,Centro,9,13.5,27,5,0,domingo,tormenta,1,44,28.8,28.1,0.0
Cuba,Dosquebradas,12,18.5,36,16,0,lunes,nublado,1,32,59.5,18.7,0.596
Río Otún,El Plumón,8,11.0,22,16,0,martes,lluvia,1,75,38.3,17.2,0.624
Cuba,Dosquebradas,12,18.5,36,18,1,domingo,tormenta,1,67,73.3,15.1,1.0
Villa Santana,Nacederos,11,16.5,33,11,0,lunes,soleado,1,77,43.5,22.8,0.271
La Roma,Boston,11,16.0,32,12,0,jueves,soleado,0,63,43.3,22.2,0.377
Río Otún,El Plumón,8,11.0,22,22,0,viernes,nublado,0,28,24.7,26.7,0.064
Cuba,Dosquebradas,12,18.5,36,12,0,viernes,nublado,0,64,54.6,20.3,0.424
Cuba,Dosquebradas,12,18.5,36,11,0,miercoles,soleado,1,51,43.3,25.6,0.239
Nacederos,Galicia,9,13.0,26,6,1,sabado,nublado,0,74,34.0,22.9,0.517
Río Otún,El Plumón,8,11.0,22,21,0,lunes,soleado,0,65,23.8,27.7,0.164
Cuba,Centro,9,13.5,27,19,1,viernes,lluvia,0,73,52.1,15.5,0.724
Boston,Kennedy,8,11.5,23,10,0,sabado,nublado,0,29,24.9,27.7,0.303
Cuba,Terminal,10,15.0,30,21,0,sabado,soleado,0,63,27.3,33.0,0.144
Cuba,Centro,9,13.5,27,15,0,viernes,lluvia,0,35,47.8,16.9,0.314
Río Otún,El Plumón,8,11.0,22,6,1,jueves,soleado,1,51,34.8,19.0,0.487
Cuba,Centro,9,13.5,27,11,0,lunes,nublado,1,16,35.7,22.7,0.284
Terminal,Cuba,10,15.0,30,5,0,viernes,lluvia,0,42,38.9,23.1,0.0
Kennedy,Dosquebradas,10,15.0,30,19,1,lunes,nublado,0,46,52.2,17.2,0.599
Boston,Kennedy,8,11.5,23,22,0,domingo,lluvia,0,38,19.2,35.9,0.073
Cuba,Dosquebradas,12,18.5,36,9,1,domingo,soleado,1,57,48.1,23.1,0.581
Kennedy,Dosquebradas,10,15.0,30,10,0,martes,nublado,0,73,38.2,23.6,0.279
Cuba,Dosquebradas,12,18.5,36,7,1,domingo,soleado,1,63,55.6,20.0,1.0
Av. 30 de Agosto,Dosquebradas,9,12.5,25,22,0,lunes,soleado,0,30,25.7,29.2,0.052
Terminal,Cuba,10,15.0,30,18,1,viernes,soleado,0,22,58.1,15.5,1.0
Boston,Kennedy,8,11.5,23,21,0,lunes,soleado,1,69,28.4,24.3,0.173
Terminal,Cuba,10,15.0,30,16,0,martes,nublado,1,78,47.2,19.1,0.522
Nacederos,Galicia,9,13.0,26,12,0,sabado,soleado,0,15,25.9,30.1,0.385
Simón Bolívar,Villa Santana,7,9.5,20,8,1,sabado,lluvia,1,67,38.3,14.9,1.0
Simón Bolívar,Villa Santana,7,9.5,20,11,0,lunes,nublado,1,47,28.2,20.2,0.242
Terminal,Cuba,10,15.0,30,22,0,miercoles,lluvia,0,57,34.3,26.2,0.074
Nacederos,Galicia,9,13.0,26,5,0,domingo,soleado,1,58,21.1,37.0,0.0
Centro,Cuba,9,13.5,27,6,1,sabado,soleado,0,73,34.1,23.8,0.506
Galicia,Boston,10,14.0,28,19,1,domingo,lluvia,0,53,39.7,21.2,0.805
Terminal,Cuba,10,15.0,30,22,0,lunes,soleado,1,60,29.8,30.2,0.055
Av. 30 de Agosto,Dosquebradas,9,12.5,25,5,0,miercoles,tormenta,0,64,29.3,25.6,0.0
Simón Bolívar,Villa Santana,7,9.5,20,14,0,sabado,lluvia,0,49,24.3,23.5,0.347
Villa Santana,Nacederos,11,16.5,33,16,0,jueves,lluvia,1,42,64.0,15.5,0.62
Galicia,Boston,10,14.0,28,6,1,domingo,soleado,0,71,29.2,28.8,0.545
La Roma,Boston,11,16.0,32,21,0,martes,soleado,1,54,39.0,24.6,0.164
Av. 30 de Agosto,Dosquebradas,9,12.5,25,8,1,domingo,tormenta,0,41,49.7,15.1,1.0
Río Otún,El Plumón,8,11.0,22,21,0,lunes,soleado,0,26,23.4,28.2,0.186
Cuba,Terminal,10,15.0,30,21,0,domingo,nublado,1,17,28.1,32.0,0.182
La Roma,Boston,11,16.0,32,11,0,miercoles,soleado,1,50,39.1,24.6,0.264
Boston,Kennedy,8,11.5,23,8,1,miercoles,soleado,1,29,40.8,16.9,1.0
Terminal,Cuba,10,15.0,30,8,1,martes,nublado,1,49,57.4,15.7,1.0
Estadio,Terminal,8,10.5,21,12,0,martes,soleado,1,71,26.5,23.8,0.367
La Roma,Boston,11,16.0,32,6,1,lunes,soleado,0,69,44.8,21.4,0.531
La Roma,Boston,11,16.0,32,19,1,viernes,soleado,1,40,61.7,15.6,0.707
Terminal,Cuba,10,15.0,30,7,1,domingo,lluvia,0,26,52.6,17.1,1.0
Centro,Cuba,9,13.5,27,8,1,jueves,soleado,1,75,51.6,15.7,0.953
Av. 30 de Agosto,Dosquebradas,9,12.5,25,13,0,miercoles,soleado,1,56,35.8,20.9,0.42
Centro,Cuba,9,13.5,27,8,1,miercoles,soleado,0,51,50.8,15.9,0.974
Cuba,Centro,9,13.5,27,21,0,lunes,soleado,0,56,30.0,27.0,0.145
Estadio,Terminal,8,10.5,21,22,0,jueves,soleado,1,45,23.0,27.4,0.062
Centro,Cuba,9,13.5,27,17,1,lunes,soleado,1,70,56.3,14.4,0.99
Río Otún,El Plumón,8,11.0,22,12,0,martes,nublado,0,77,26.9,24.5,0.42
Galicia,Boston,10,14.0,28,22,0,lunes,lluvia,0,54,37.8,22.2,0.06
Cuba,Terminal,10,15.0,30,17,1,miercoles,soleado,0,26,50.5,17.8,0.842
Nacederos,Galicia,9,13.0,26,5,0,domingo,soleado,0,72,17.8,43.8,0.0
Nacederos,Galicia,9,13.0,26,19,1,martes,soleado,1,53,42.6,18.3,0.756
Estadio,Terminal,8,10.5,21,18,1,sabado,tormenta,1,26,51.8,12.2,1.0
Terminal,Cuba,10,15.0,30,17,1,domingo,soleado,1,22,43.7,20.6,1.0
Cuba,Dosquebradas,12,18.5,36,5,0,sabado,nublado,1,29,34.1,32.6,0.0
Villa Santana,Nacederos,11,16.5,33,18,1,sabado,nublado,1,63,58.9,16.8,1.0
Villa Santana,Nacederos,11,16.5,33,10,0,jueves,soleado,1,61,46.1,21.5,0.274
Av. 30 de Agosto,Dosquebradas,9,12.5,25,9,1,martes,soleado,0,33,38.4,19.5,0.609
Kennedy,Dosquebradas,10,15.0,30,9,1,lunes,soleado,1,73,54.8,16.4,0.712
La Roma,Boston,11,16.0,32,18,1,viernes,soleado,1,72,72.2,13.3,1.0
Kennedy,Dosquebradas,10,15.0,30,5,0,viernes,soleado,0,79,29.2,30.8,0.0
Nacederos,Galicia,9,13.0,26,16,0,lunes,tormenta,1,62,52.8,14.8,0.766
Río Otún,El Plumón,8,11.0,22,7,1,martes,nublado,1,74,44.2,14.9,1.0
Nacederos,Galicia,9,13.0,26,7,1,martes,soleado,0,54,46.1,16.9,0.997
Terminal,Cuba,10,15.0,30,5,0,jueves,soleado,1,57,29.8,30.2,0.0
Simón Bolívar,Villa Santana,7,9.5,20,14,0,miercoles,soleado,1,48,23.2,24.6,0.303
Cuba,Centro,9,13.5,27,6,1,sabado,tormenta,0,51,44.1,18.4,0.622
Cuba,Terminal,10,15.0,30,13,0,miercoles,soleado,1,50,46.4,19.4,0.418
Cuba,Terminal,10,15.0,30,10,0,viernes,nublado,1,62,48.6,18.5,0.298
Río Otún,El Plumón,8,11.0,22,12,0,jueves,soleado,0,58,31.3,21.1,0.443
Nacederos,Galicia,9,13.0,26,9,1,domingo,soleado,1,64,30.4,25.7,0.66
Boston,Kennedy,8,11.5,23,10,0,martes,nublado,1,21,31.6,21.8,0.345
Cuba,Terminal,10,15.0,30,6,1,martes,soleado,1,53,44.8,20.1,0.624
La Roma,Boston,11,16.0,32,22,0,martes,soleado,1,75,31.7,30.3,0.062
Kennedy,Dosquebradas,10,15.0,30,5,0,miercoles,lluvia,1,63,38.1,23.6,0.0
Boston,Kennedy,8,11.5,23,6,1,lunes,lluvia,1,70,46.2,14.9,0.719
Estadio,Terminal,8,10.5,21,15,0,miercoles,soleado,0,47,25.0,25.2,0.269
Simón Bolívar,Villa Santana,7,9.5,20,12,0,sabado,nublado,0,58,23.5,24.3,0.469
Galicia,Boston,10,14.0,28,22,0,lunes,nublado,0,16,28.6,29.4,0.059
Boston,Kennedy,8,11.5,23,19,1,miercoles,soleado,1,47,34.9,19.8,0.576
Cuba,Terminal,10,15.0,30,6,1,viernes,nublado,0,30,51.2,17.6,0.465
Av. 30 de Agosto,Dosquebradas,9,12.5,25,9,1,jueves,nublado,0,29,41.2,18.2,0.594
Centro,Cuba,9,13.5,27,7,1,sabado,soleado,1,69,45.8,17.7,1.0
Simón Bolívar,Villa Santana,7,9.5,20,15,0,miercoles,soleado,0,50,24.4,23.4,0.268
Galicia,Boston,10,14.0,28,6,1,miercoles,tormenta,1,37,58.2,14.4,0.768
La Roma,Boston,11,16.0,32,11,0,viernes,soleado,1,28,41.2,23.3,0.264
Villa Santana,Nacederos,11,16.5,33,8,1,jueves,nublado,0,19,58.2,17.0,1.0
Estadio,Terminal,8,10.5,21,19,1,lunes,lluvia,0,15,43.9,14.4,0.802
Estadio,Terminal,8,10.5,21,9,1,sabado,soleado,1,15,29.2,21.6,0.761
Centro,Cuba,9,13.5,27,20,0,jueves,soleado,0,43,30.2,26.8,0.379
Av. 30 de Agosto,Dosquebradas,9,12.5,25,20,0,lunes,nublado,1,57,37.9,19.8,0.374
Boston,Kennedy,8,11.5,23,7,1,miercoles,nublado,1,25,49.2,14.0,1.0
Estadio,Terminal,8,10.5,21,11,0,martes,nublado,1,39,25.7,24.5,0.248
Cuba,Terminal,10,15.0,30,16,0,jueves,soleado,1,39,43.0,20.9,0.499
Río Otún,El Plumón,8,11.0,22,12,0,jueves,soleado,1,78,31.6,20.9,0.471
Centro,Cuba,9,13.5,27,5,0,lunes,soleado,1,20,27.2,29.8,0.0
Boston,Kennedy,8,11.5,23,21,0,jueves,lluvia,0,44,33.7,20.5,0.179
Cuba,Centro,9,13.5,27,20,0,sabado,soleado,0,46,29.1,27.8,0.296
Cuba,Centro,9,13.5,27,6,1,miercoles,lluvia,0,73,47.1,17.2,0.688
Cuba,Terminal,10,15.0,30,8,1,lunes,soleado,0,23,59.5,15.1,0.924
Simón Bolívar,Villa Santana,7,9.5,20,17,1,miercoles,soleado,0,56,38.1,15.0,1.0
Simón Bolívar,Villa Santana,7,9.5,20,6,1,viernes,soleado,0,30,29.8,19.1,0.539
Cuba,Centro,9,13.5,27,16,0,viernes,soleado,0,20,39.0,20.8,0.544
Boston,Kennedy,8,11.5,23,17,1,domingo,soleado,1,25,31.0,22.3,0.939
Cuba,Terminal,10,15.0,30,14,0,jueves,nublado,1,31,38.7,23.3,0.334
Terminal,Cuba,10,15.0,30,19,1,jueves,soleado,0,19,46.2,19.5,0.651
Nacederos,Galicia,9,13.0,26,7,1,sabado,lluvia,1,59,52.2,14.9,1.0
Villa Santana,Nacederos,11,16.5,33,8,1,viernes,tormenta,1,79,97.9,10.1,1.0
Boston,Kennedy,8,11.5,23,11,0,miercoles,soleado,0,34,26.3,26.2,0.253
Centro,Cuba,9,13.5,27,20,0,martes,soleado,0,21,33.5,24.2,0.312
Kennedy,Dosquebradas,10,15.0,30,13,0,miercoles,nublado,1,20,41.9,21.5,0.444
Terminal,Cuba,10,15.0,30,10,0,martes,lluvia,1,80,44.0,20.5,0.427
Río Otún,El Plumón,8,11.0,22,19,1,viernes,nublado,1,40,44.8,14.7,0.79
Villa Santana,Nacederos,11,16.5,33,8,1,miercoles,soleado,0,67,63.3,15.6,0.909
Villa Santana,Nacederos,11,16.5,33,7,1,jueves,nublado,0,70,57.4,17.2,1.0
Centro,Cuba,9,13.5,27,10,0,jueves,soleado,1,39,36.2,22.4,0.349
Villa Santana,Nacederos,11,16.5,33,15,0,martes,soleado,0,50,35.3,28.0,0.307
Centro,Cuba,9,13.5,27,18,1,martes,lluvia,0,52,63.3,12.8,1.0
Boston,Kennedy,8,11.5,23,10,0,viernes,tormenta,0,26,41.8,16.5,0.391
Av. 30 de Agosto,Dosquebradas,9,12.5,25,11,0,viernes,soleado,1,50,31.3,24.0,0.239
Av. 30 de Agosto,Dosquebradas,9,12.5,25,12,0,martes,soleado,0,34,34.1,22.0,0.435
Kennedy,Dosquebradas,10,15.0,30,6,1,lunes,tormenta,0,69,60.4,14.9,0.696
Simón Bolívar,Villa Santana,7,9.5,20,8,1,jueves,soleado,0,16,38.1,15.0,0.918
Villa Santana,Nacederos,11,16.5,33,9,1,miercoles,soleado,0,17,48.3,20.5,0.575
Río Otún,El Plumón,8,11.0,22,19,1,domingo,nublado,0,73,25.7,25.7,0.572
Río Otún,El Plumón,8,11.0,22,17,1,martes,lluvia,1,74,56.2,11.7,1.0
Boston,Kennedy,8,11.5,23,7,1,jueves,lluvia,1,19,54.1,12.8,1.0
Río Otún,El Plumón,8,11.0,22,22,0,viernes,lluvia,0,57,31.1,21.2,0.06
La Roma,Boston,11,16.0,32,16,0,lunes,soleado,1,74,51.5,18.6,0.528
Cuba,Centro,9,13.5,27,22,0,sabado,soleado,0,32,24.0,33.8,0.051
Cuba,Terminal,10,15.0,30,20,0,sabado,lluvia,0,43,37.4,24.1,0.466
Terminal,Cuba,10,15.0,30,18,1,miercoles,soleado,1,59,60.1,15.0,1.0
Av. 30 de Agosto,Dosquebradas,9,12.5,25,8,1,jueves,nublado,1,72,54.3,13.8,1.0
Río Otún,El Plumón,8,11.0,22,7,1,martes,lluvia,1,26,48.0,13.8,1.0
Estadio,Terminal,8,10.5,21,7,1,lunes,soleado,0,33,38.1,16.5,0.989
Terminal,Cuba,10,15.0,30,5,0,miercoles,soleado,0,75,26.0,34.6,0.0
Boston,Kennedy,8,11.5,23,5,0,miercoles,soleado,0,44,21.9,31.5,0.0
Galicia,Boston,10,14.0,28,18,1,viernes,soleado,1,77,65.9,12.7,1.0
Av. 30 de Agosto,Dosquebradas,9,12.5,25,22,0,jueves,soleado,0,54,22.7,33.0,0.052
Centro,Cuba,9,13.5,27,16,0,miercoles,lluvia,0,33,44.7,18.1,0.617
Cuba,Centro,9,13.5,27,10,0,sabado,nublado,0,37,30.0,27.0,0.309
Boston,Kennedy,8,11.5,23,9,1,martes,soleado,0,55,34.3,20.1,0.6
Galicia,Boston,10,14.0,28,10,0,martes,nublado,0,55,37.2,22.6,0.261
Centro,Cuba,9,13.5,27,22,0,martes,nublado,0,18,26.3,30.8,0.058
Cuba,Centro,9,13.5,27,19,1,miercoles,soleado,1,52,43.4,18.7,0.63
Simón Bolívar,Villa Santana,7,9.5,20,9,1,domingo,nublado,1,58,26.9,21.2,0.755
La Roma,Boston,11,16.0,32,6,1,martes,nublado,0,54,41.5,23.1,0.544
Villa Santana,Nacederos,11,16.5,33,19,1,miercoles,soleado,0,39,49.3,20.1,0.56
La Roma,Boston,11,16.0,32,13,0,martes,soleado,1,26,50.6,19.0,0.473
Centro,Cuba,9,13.5,27,15,0,viernes,nublado,0,61,36.7,22.1,0.311
Kennedy,Dosquebradas,10,15.0,30,16,0,jueves,soleado,1,59,45.0,20.0,0.629
Av. 30 de Agosto,Dosquebradas,9,12.5,25,22,0,lunes,soleado,1,68,28.9,26.0,0.057
Simón Bolívar,Villa Santana,7,9.5,20,18,1,sabado,lluvia,0,26,36.6,15.6,1.0
Av. 30 de Agosto,Dosquebradas,9,12.5,25,21,0,miercoles,soleado,1,26,26.0,28.8,0.191
Estadio,Terminal,8,10.5,21,18,1,martes,nublado,0,40,38.0,16.6,1.0
Terminal,Cuba,10,15.0,30,20,0,lunes,lluvia,1,53,52.1,17.3,0.491
Villa Santana,Nacederos,11,16.5,33,5,0,domingo,soleado,1,53,26.9,36.8,0.0
Centro,Cuba,9,13.5,27,8,1,sabado,nublado,1,68,44.7,18.1,1.0
Boston,Kennedy,8,11.5,23,12,0,lunes,soleado,1,78,36.7,18.8,0.372
Río Otún,El Plumón,8,11.0,22,16,0,viernes,soleado,1,48,38.7,17.1,0.546
Río Otún,El Plumón,8,11.0,22,8,1,miercoles,nublado,0,48,38.5,17.1,0.86
Galicia,Boston,10,14.0,28,19,1,sabado,soleado,0,21,33.7,24.9,0.596
La Roma,Boston,11,16.0,32,16,0,lunes,soleado,0,80,43.0,22.3,0.519
Simón Bolívar,Villa Santana,7,9.5,20,8,1,viernes,lluvia,1,55,59.8,9.5,1.0
Estadio,Terminal,8,10.5,21,13,0,sabado,nublado,1,27,27.5,22.9,0.49
Cuba,Centro,9,13.5,27,5,0,martes,nublado,1,77,27.3,29.7,0.0
Cuba,Centro,9,13.5,27,8,1,martes,soleado,0,39,51.0,15.9,0.961
Río Otún,El Plumón,8,11.0,22,21,0,domingo,nublado,0,68,18.3,36.1,0.153
Av. 30 de Agosto,Dosquebradas,9,12.5,25,9,1,lunes,soleado,1,61,39.3,19.1,0.661
Nacederos,Galicia,9,13.0,26,21,0,domingo,tormenta,0,53,26.4,29.5,0.255
Villa Santana,Nacederos,11,16.5,33,9,1,domingo,nublado,0,54,35.9,27.6,0.57
Cuba,Terminal,10,15.0,30,18,1,sabado,lluvia,0,24,53.4,16.9,1.0
Kennedy,Dosquebradas,10,15.0,30,6,1,martes,soleado,0,75,37.8,23.8,0.463
Cuba,Terminal,10,15.0,30,14,0,sabado,soleado,0,30,32.2,28.0,0.253
La Roma,Boston,11,16.0,32,11,0,martes,nublado,0,26,34.4,27.9,0.251
Estadio,Terminal,8,10.5,21,16,0,miercoles,soleado,0,79,29.1,21.6,0.44
Nacederos,Galicia,9,13.0,26,5,0,viernes,soleado,0,51,24.8,31.5,0.0
Cuba,Dosquebradas,12,18.5,36,8,1,martes,lluvia,1,61,91.9,12.1,1.0
Boston,Kennedy,8,11.5,23,8,1,martes,lluvia,1,69,53.2,13.0,1.0
Cuba,Terminal,10,15.0,30,15,0,lunes,soleado,0,78,38.2,23.6,0.295
Terminal,Cuba,10,15.0,30,6,1,lunes,soleado,0,64,41.0,22.0,0.515
Estadio,Terminal,8,10.5,21,19,1,martes,nublado,1,69,33.4,18.9,0.615
Av. 30 de Agosto,Dosquebradas,9,12.5,25,20,0,sabado,soleado,0,77,26.8,28.0,0.323
Terminal,Cuba,10,15.0,30,7,1,lunes,soleado,1,28,62.8,14.3,1.0
Cuba,Centro,9,13.5,27,7,1,miercoles,tormenta,1,40,73.4,11.0,1.0
Cuba,Terminal,10,15.0,30,12,0,domingo,soleado,1,50,33.4,26.9,0.462
Nacederos,Galicia,9,13.0,26,13,0,domingo,lluvia,1,60,35.6,21.9,0.63
Kennedy,Dosquebradas,10,15.0,30,20,0,viernes,soleado,1,28,42.1,21.4,0.365
Villa Santana,Nacederos,11,16.5,33,9,1,lunes,soleado,0,23,50.8,19.5,0.524
Cuba,Centro,9,13.5,27,17,1,viernes,nublado,0,53,59.2,13.7,0.872
Cuba,Terminal,10,15.0,30,21,0,domingo,soleado,1,40,25.3,35.6,0.183
Terminal,Cuba,10,15.0,30,13,0,viernes,soleado,0,19,49.4,18.2,0.495
Cuba,Terminal,10,15.0,30,17,1,jueves,soleado,1,71,60.1,15.0,0.893
Terminal,Cuba,10,15.0,30,14,0,sabado,soleado,1,32,31.4,28.7,0.295
Simón Bolívar,Villa Santana,7,9.5,20,8,1,viernes,nublado,1,75,47.7,11.9,0.978
Cuba,Dosquebradas,12,18.5,36,17,1,miercoles,soleado,1,60,74.5,14.9,0.972
Cuba,Dosquebradas,12,18.5,36,5,0,viernes,soleado,1,59,42.9,25.9,0.0
Simón Bolívar,Villa Santana,7,9.5,20,15,0,jueves,soleado,1,60,25.7,22.2,0.265
Villa Santana,Nacederos,11,16.5,33,12,0,martes,nublado,0,23,46.9,21.1,0.361
Cuba,Centro,9,13.5,27,5,0,viernes,soleado,1,69,30.7,26.4,0.0
Estadio,Terminal,8,10.5,21,5,0,sabado,soleado,0,55,15.7,40.1,0.0
Nacederos,Galicia,9,13.0,26,8,1,domingo,soleado,0,58,35.3,22.1,1.0
Boston,Kennedy,8,11.5,23,15,0,martes,nublado,1,70,28.9,23.9,0.334
Simón Bolívar,Villa Santana,7,9.5,20,7,1,domingo,lluvia,0,51,31.5,18.1,1.0
Nacederos,Galicia,9,13.0,26,17,1,domingo,soleado,0,27,36.0,21.7,0.88
Nacederos,Galicia,9,13.0,26,21,0,jueves,soleado,1,24,31.8,24.5,0.172
Simón Bolívar,Villa Santana,7,9.5,20,14,0,jueves,nublado,1,40,27.0,21.1,0.297
Terminal,Cuba,10,15.0,30,19,1,sabado,lluvia,0,17,48.5,18.6,0.768
Cuba,Centro,9,13.5,27,20,0,martes,nublado,1,49,40.9,19.8,0.389
Nacederos,Galicia,9,13.0,26,18,1,viernes,nublado,0,40,55.8,14.0,0.939
Cuba,Centro,9,13.5,27,14,0,domingo,soleado,1,23,26.8,30.2,0.337
Estadio,Terminal,8,10.5,21,14,0,sabado,soleado,0,66,19.7,32.0,0.249
Cuba,Dosquebradas,12,18.5,36,12,0,domingo,lluvia,1,77,48.1,23.1,0.524
Boston,Kennedy,8,11.5,23,6,1,martes,soleado,0,18,29.9,23.1,0.546
Boston,Kennedy,8,11.5,23,22,0,martes,nublado,0,77,24.1,28.6,0.051
La Roma,Boston,11,16.0,32,7,1,miercoles,nublado,0,67,62.8,15.3,0.981
La Roma,Boston,11,16.0,32,7,1,jueves,lluvia,0,45,65.7,14.6,1.0
La Roma,Boston,11,16.0,32,8,1,viernes,nublado,1,78,81.2,11.8,1.0
Cuba,Terminal,10,15.0,30,15,0,miercoles,lluvia,1,45,51.8,17.4,0.35
Cuba,Terminal,10,15.0,30,10,0,martes,tormenta,1,67,50.7,17.8,0.439
Centro,Cuba,9,13.5,27,22,0,miercoles,nublado,0,55,27.0,30.0,0.058
Villa Santana,Nacederos,11,16.5,33,13,0,domingo,lluvia,1,75,47.3,20.9,0.67
Cuba,Dosquebradas,12,18.5,36,6,1,domingo,nublado,0,45,37.4,29.7,0.507
Boston,Kennedy,8,11.5,23,16,0,domingo,nublado,0,71,24.6,28.0,0.59
Kennedy,Dosquebradas,10,15.0,30,13,0,miercoles,soleado,0,53,37.1,24.3,0.496
La Roma,Boston,11,16.0,32,19,1,sabado,soleado,1,19,42.3,22.7,0.588
Simón Bolívar,Villa Santana,7,9.5,20,20,0,jueves,nublado,1,69,30.9,18.4,0.422
Av. 30 de Agosto,Dosquebradas,9,12.5,25,10,0,sabado,soleado,0,60,24.4,30.7,0.297
Terminal,Cuba,10,15.0,30,15,0,jueves,nublado,0,38,38.4,23.4,0.317
Cuba,Centro,9,13.5,27,5,0,jueves,soleado,1,55,27.7,29.2,0.0
Villa Santana,Nacederos,11,16.5,33,21,0,sabado,tormenta,0,67,44.0,22.5,0.221
Centro,Cuba,9,13.5,27,9,1,miercoles,soleado,1,51,41.0,19.8,0.655
Cuba,Centro,9,13.5,27,17,1,jueves,lluvia,0,17,67.5,12.0,1.0
Boston,Kennedy,8,11.5,23,12,0,lunes,tormenta,0,48,44.2,15.6,0.49
Kennedy,Dosquebradas,10,15.0,30,18,1,viernes,soleado,0,62,58.8,15.3,1.0
Cuba,Dosquebradas,12,18.5,36,21,0,jueves,lluvia,1,78,49.4,22.5,0.244
Villa Santana,Nacederos,11,16.5,33,13,0,miercoles,nublado,1,31,49.3,20.1,0.468
Villa Santana,Nacederos,11,16.5,33,14,0,sabado,nublado,1,38,37.0,26.8,0.287
Estadio,Terminal,8,10.5,21,13,0,martes,nublado,0,62,29.4,21.4,0.487
Cuba,Terminal,10,15.0,30,5,0,jueves,soleado,1,65,31.4,28.7,0.0
Río Otún,El Plumón,8,11.0,22,18,1,sabado,nublado,0,27,36.8,17.9,0.909
La Roma,Boston,11,16.0,32,12,0,jueves,lluvia,0,15,49.3,19.5,0.504
Estadio,Terminal,8,10.5,21,17,1,sabado,soleado,0,37,30.6,20.6,0.946
La Roma,Boston,11,16.0,32,15,0,jueves,soleado,1,70,38.8,24.7,0.27
Cuba,Dosquebradas,12,18.5,36,9,1,jueves,lluvia,1,61,81.2,13.7,0.786
La Roma,Boston,11,16.0,32,13,0,viernes,lluvia,1,55,65.2,14.7,0.55
Río Otún,El Plumón,8,11.0,22,20,0,domingo,tormenta,1,21,29.2,22.6,0.445
Cuba,Centro,9,13.5,27,6,1,jueves,soleado,1,70,38.5,21.0,0.615
Centro,Cuba,9,13.5,27,6,1,jueves,soleado,1,73,41.6,19.5,0.607
Av. 30 de Agosto,Dosquebradas,9,12.5,25,9,1,lunes,soleado,0,51,36.0,20.8,0.55
Terminal,Cuba,10,15.0,30,13,0,viernes,lluvia,0,15,56.5,15.9,0.567
Kennedy,Dosquebradas,10,15.0,30,7,1,martes,lluvia,0,57,58.8,15.3,1.0
Boston,Kennedy,8,11.5,23,8,1,jueves,soleado,0,56,39.3,17.6,0.826
Av. 30 de Agosto,Dosquebradas,9,12.5,25,20,0,jueves,nublado,1,15,34.6,21.7,0.332
Nacederos,Galicia,9,13.0,26,19,1,miercoles,lluvia,0,42,51.2,15.2,0.833
Estadio,Terminal,8,10.5,21,15,0,domingo,soleado,0,63,17.0,37.1,0.257
Villa Santana,Nacederos,11,16.5,33,17,1,lunes,soleado,0,35,60.3,16.4,0.917
Boston,Kennedy,8,11.5,23,9,1,lunes,soleado,1,54,42.1,16.4,0.693
Galicia,Boston,10,14.0,28,8,1,domingo,soleado,0,77,37.7,22.3,0.913
Estadio,Terminal,8,10.5,21,18,1,lunes,lluvia,1,38,54.9,11.5,1.0
Cuba,Dosquebradas,12,18.5,36,21,0,miercoles,tormenta,0,34,57.5,19.3,0.235
Boston,Kennedy,8,11.5,23,21,0,lunes,soleado,1,25,30.1,22.9,0.182
Cuba,Centro,9,13.5,27,9,1,sabado,lluvia,0,69,40.8,19.9,0.66
Cuba,Terminal,10,15.0,30,6,1,viernes,soleado,1,67,47.3,19.0,0.577
Nacederos,Galicia,9,13.0,26,13,0,miercoles,soleado,0,79,30.8,25.3,0.477
Centro,Cuba,9,13.5,27,10,0,domingo,soleado,1,20,24.0,33.8,0.34
Estadio,Terminal,8,10.5,21,15,0,viernes,nublado,1,48,31.0,20.3,0.361
Simón Bolívar,Villa Santana,7,9.5,20,10,0,martes,soleado,1,28,25.1,22.7,0.261
Kennedy,Dosquebradas,10,15.0,30,8,1,lunes,soleado,1,73,64.1,14.0,1.0
Río Otún,El Plumón,8,11.0,22,20,0,miercoles,nublado,1,65,32.6,20.2,0.337
Cuba,Centro,9,13.5,27,5,0,martes,soleado,0,39,25.8,31.4,0.0
Boston,Kennedy,8,11.5,23,9,1,sabado,soleado,0,26,27.8,24.8,0.604
Centro,Cuba,9,13.5,27,18,1,lunes,soleado,0,71,56.8,14.3,0.991
Av. 30 de Agosto,Dosquebradas,9,12.5,25,19,1,viernes,soleado,1,65,42.1,17.8,0.573
Boston,Kennedy,8,11.5,23,18,1,jueves,lluvia,1,19,59.6,11.6,1.0
Nacederos,Galicia,9,13.0,26,20,0,martes,nublado,0,69,33.5,23.3,0.356
Estadio,Terminal,8,10.5,21,18,1,jueves,soleado,1,72,45.4,13.9,0.942
Estadio,Terminal,8,10.5,21,11,0,jueves,soleado,0,79,22.5,28.0,0.249
Galicia,Boston,10,14.0,28,19,1,martes,lluvia,1,68,60.4,13.9,0.884
Río Otún,El Plumón,8,11.0,22,16,0,domingo,soleado,0,41,21.9,30.1,0.537
Boston,Kennedy,8,11.5,23,20,0,martes,soleado,0,77,25.6,27.0,0.325
Centro,Cuba,9,13.5,27,14,0,martes,soleado,0,17,30.3,26.7,0.258
Boston,Kennedy,8,11.5,23,10,0,martes,lluvia,0,23,32.1,21.5,0.307
Villa Santana,Nacederos,11,16.5,33,8,1,viernes,soleado,1,58,78.3,12.6,1.0
Simón Bolívar,Villa Santana,7,9.5,20,22,0,miercoles,lluvia,0,21,25.6,22.3,0.068
Centro,Cuba,9,13.5,27,8,1,lunes,lluvia,0,20,63.2,12.8,1.0
Cuba,Terminal,10,15.0,30,11,0,miercoles,soleado,1,71,38.3,23.5,0.244
Av. 30 de Agosto,Dosquebradas,9,12.5,25,8,1,martes,nublado,1,32,47.7,15.7,0.993
Kennedy,Dosquebradas,10,15.0,30,5,0,martes,lluvia,1,58,35.2,25.6,0.0
Estadio,Terminal,8,10.5,21,16,0,sabado,lluvia,1,46,31.4,20.1,0.74
Kennedy,Dosquebradas,10,15.0,30,12,0,martes,lluvia,1,67,56.1,16.0,0.607
Terminal,Cuba,10,15.0,30,16,0,lunes,soleado,0,23,39.3,22.9,0.472
Simón Bolívar,Villa Santana,7,9.5,20,10,0,jueves,soleado,0,34,25.7,22.2,0.241
Boston,Kennedy,8,11.5,23,21,0,miercoles,soleado,1,55,28.7,24.0,0.156
Estadio,Terminal,8,10.5,21,21,0,viernes,lluvia,1,72,35.6,17.7,0.256
Nacederos,Galicia,9,13.0,26,19,1,sabado,soleado,1,40,38.8,20.1,0.588
Terminal,Cuba,10,15.0,30,15,0,jueves,nublado,0,51,35.3,25.5,0.293
Estadio,Terminal,8,10.5,21,21,0,miercoles,lluvia,0,17,25.0,25.2,0.227
Nacederos,Galicia,9,13.0,26,13,0,martes,lluvia,1,69,51.5,15.1,0.54
Cuba,Dosquebradas,12,18.5,36,16,0,miercoles,nublado,1,30,51.6,21.5,0.604
Cuba,Terminal,10,15.0,30,19,1,miercoles,nublado,0,73,44.8,20.1,0.591
Río Otún,El Plumón,8,11.0,22,22,0,domingo,nublado,1,53,17.5,37.7,0.07
Río Otún,El Plumón,8,11.0,22,9,1,sabado,soleado,0,28,26.8,24.6,0.626
Av. 30 de Agosto,Dosquebradas,9,12.5,25,16,0,jueves,soleado,1,67,35.4,21.2,0.478
La Roma,Boston,11,16.0,32,9,1,jueves,soleado,0,62,50.1,19.2,0.593
Terminal,Cuba,10,15.0,30,21,0,domingo,soleado,1,78,27.1,33.2,0.211
Río Otún,El Plumón,8,11.0,22,20,0,sabado,tormenta,0,33,31.9,20.7,0.465
Centro,Cuba,9,13.5,27,9,1,sabado,nublado,0,42,35.4,22.9,0.552
Cuba,Centro,9,13.5,27,22,0,miercoles,lluvia,0,67,29.4,27.6,0.067
Estadio,Terminal,8,10.5,21,6,1,viernes,soleado,1,54,39.6,15.9,0.518
Centro,Cuba,9,13.5,27,5,0,domingo,soleado,1,21,22.0,36.8,0.0
Estadio,Terminal,8,10.5,21,11,0,martes,lluvia,1,15,29.4,21.4,0.292
Av. 30 de Agosto,Dosquebradas,9,12.5,25,6,1,jueves,soleado,1,72,41.7,18.0,0.596
Centro,Cuba,9,13.5,27,9,1,domingo,soleado,1,72,34.4,23.5,0.601
Río Otún,El Plumón,8,11.0,22,15,0,lunes,lluvia,1,64,34.6,19.1,0.37
Terminal,Cuba,10,15.0,30,6,1,sabado,lluvia,1,26,51.8,17.4,0.73
Nacederos,Galicia,9,13.0,26,14,0,viernes,nublado,0,39,39.3,19.8,0.295
Simón Bolívar,Villa Santana,7,9.5,20,6,1,viernes,nublado,1,79,38.9,14.7,0.512
La Roma,Boston,11,16.0,32,22,0,martes,tormenta,1,41,44.2,21.7,0.091
La Roma,Boston,11,16.0,32,19,1,lunes,lluvia,1,66,69.0,13.9,0.838
La Roma,Boston,11,16.0,32,5,0,miercoles,soleado,1,18,33.7,28.5,0.0
Estadio,Terminal,8,10.5,21,7,1,lunes,tormenta,0,51,49.6,12.7,1.0
Cuba,Terminal,10,15.0,30,9,1,miercoles,tormenta,0,22,63.2,14.2,0.811
Cuba,Dosquebradas,12,18.5,36,6,1,miercoles,soleado,1,33,53.1,20.9,0.521
Kennedy,Dosquebradas,10,15.0,30,8,1,lunes,soleado,0,78,56.2,16.0,0.946
Cuba,Terminal,10,15.0,30,13,0,lunes,soleado,1,23,45.2,19.9,0.475
Villa Santana,Nacederos,11,16.5,33,5,0,miercoles,nublado,0,46,32.6,30.4,0.0
Cuba,Centro,9,13.5,27,14,0,viernes,soleado,0,79,33.5,24.2,0.317
Galicia,Boston,10,14.0,28,22,0,martes,lluvia,1,72,33.0,25.5,0.084
Av. 30 de Agosto,Dosquebradas,9,12.5,25,14,0,sabado,tormenta,0,22,37.7,19.9,0.387
Nacederos,Galicia,9,13.0,26,13,0,domingo,nublado,1,42,30.5,25.6,0.515
Cuba,Dosquebradas,12,18.5,36,10,0,sabado,nublado,0,53,34.4,32.3,0.309
Av. 30 de Agosto,Dosquebradas,9,12.5,25,9,1,sabado,nublado,1,70,34.3,21.9,0.707
Simón Bolívar,Villa Santana,7,9.5,20,15,0,sabado,lluvia,1,72,26.0,21.9,0.401
Galicia,Boston,10,14.0,28,15,0,martes,soleado,1,17,38.5,21.8,0.272
La Roma,Boston,11,16.0,32,5,0,viernes,soleado,0,37,32.1,29.9,0.0
Río Otún,El Plumón,8,11.0,22,20,0,domingo,soleado,0,24,20.4,32.4,0.373
Av. 30 de Agosto,Dosquebradas,9,12.5,25,19,1,sabado,soleado,1,60,33.9,22.1,0.741
Simón Bolívar,Villa Santana,7,9.5,20,5,0,lunes,soleado,0,71,16.9,33.7,0.0
Simón Bolívar,Villa Santana,7,9.5,20,13,0,sabado,lluvia,1,39,28.4,20.1,0.632
Estadio,Terminal,8,10.5,21,12,0,martes,tormenta,1,19,39.0,16.2,0.672
Río Otún,El Plumón,8,11.0,22,11,0,lunes,soleado,1,29,30.0,22.0,0.25
Centro,Cuba,9,13.5,27,10,0,viernes,soleado,0,23,36.3,22.3,0.298
Cuba,Centro,9,13.5,27,13,0,viernes,lluvia,1,39,59.6,13.6,0.524
Río Otún,El Plumón,8,11.0,22,22,0,viernes,soleado,1,15,28.4,23.2,0.064
Boston,Kennedy,8,11.5,23,6,1,domingo,lluvia,1,67,31.4,22.0,0.725
Centro,Cuba,9,13.5,27,20,0,miercoles,nublado,0,43,31.1,26.0,0.394
Terminal,Cuba,10,15.0,30,19,1,miercoles,soleado,0,57,40.4,22.3,0.624
Cuba,Dosquebradas,12,18.5,36,12,0,sabado,soleado,0,46,36.5,30.4,0.369
Cuba,Terminal,10,15.0,30,8,1,lunes,soleado,0,57,59.9,15.0,0.873
Centro,Cuba,9,13.5,27,12,0,miercoles,lluvia,1,45,50.9,15.9,0.579
Nacederos,Galicia,9,13.0,26,19,1,domingo,soleado,1,30,29.4,26.5,0.584
Cuba,Dosquebradas,12,18.5,36,17,1,miercoles,lluvia,0,31,73.3,15.1,1.0
Cuba,Dosquebradas,12,18.5,36,14,0,viernes,nublado,0,28,51.7,21.5,0.297
Estadio,Terminal,8,10.5,21,17,1,jueves,soleado,1,44,45.5,13.8,1.0
Nacederos,Galicia,9,13.0,26,5,0,jueves,soleado,1,27,25.4,30.7,0.0
Simón Bolívar,Villa Santana,7,9.5,20,5,0,jueves,nublado,0,28,17.7,32.2,0.0
Cuba,Terminal,10,15.0,30,11,0,viernes,soleado,1,60,40.9,22.0,0.261
Centro,Cuba,9,13.5,27,10,0,martes,soleado,0,22,28.9,28.0,0.285
Terminal,Cuba,10,15.0,30,16,0,miercoles,nublado,0,33,42.7,21.1,0.541
Estadio,Terminal,8,10.5,21,16,0,lunes,nublado,0,22,29.9,21.1,0.575
Terminal,Cuba,10,15.0,30,6,1,jueves,soleado,0,40,44.5,20.2,0.476
Boston,Kennedy,8,11.5,23,20,0,sabado,nublado,1,57,29.4,23.5,0.393
Galicia,Boston,10,14.0,28,14,0,jueves,soleado,0,73,35.8,23.5,0.312
Centro,Cuba,9,13.5,27,12,0,lunes,nublado,0,74,38.3,21.1,0.376
Río Otún,El Plumón,8,11.0,22,15,0,domingo,nublado,0,66,19.0,34.7,0.335
Galicia,Boston,10,14.0,28,5,0,lunes,soleado,0,33,25.1,33.5,0.0
Nacederos,Galicia,9,13.0,26,16,0,lunes,tormenta,0,40,49.8,15.7,0.641
Estadio,Terminal,8,10.5,21,10,0,miercoles,lluvia,0,37,28.5,22.1,0.313
Estadio,Terminal,8,10.5,21,8,1,lunes,lluvia,0,63,50.6,12.5,1.0
Galicia,Boston,10,14.0,28,11,0,miercoles,soleado,1,62,35.0,24.0,0.277
Simón Bolívar,Villa Santana,7,9.5,20,18,1,sabado,soleado,0,31,33.4,17.1,0.908
Kennedy,Dosquebradas,10,15.0,30,16,0,miercoles,nublado,0,20,45.3,19.9,0.539
Av. 30 de Agosto,Dosquebradas,9,12.5,25,22,0,miercoles,lluvia,1,46,29.6,25.3,0.083
Av. 30 de Agosto,Dosquebradas,9,12.5,25,9,1,domingo,nublado,1,41,33.8,22.2,0.766
Simón Bolívar,Villa Santana,7,9.5,20,7,1,martes,nublado,1,78,40.2,14.2,0.928
Río Otún,El Plumón,8,11.0,22,16,0,viernes,nublado,1,75,37.8,17.5,0.56
La Roma,Boston,11,16.0,32,6,1,martes,soleado,0,72,46.9,20.5,0.484
Estadio,Terminal,8,10.5,21,18,1,jueves,nublado,1,47,46.3,13.6,1.0
Cuba,Terminal,10,15.0,30,14,0,jueves,nublado,0,20,37.2,24.2,0.302
Kennedy,Dosquebradas,10,15.0,30,19,1,jueves,soleado,1,78,48.1,18.7,0.649
Cuba,Centro,9,13.5,27,19,1,martes,soleado,0,60,42.9,18.9,0.573
Terminal,Cuba,10,15.0,30,21,0,viernes,nublado,1,44,38.2,23.6,0.168
Cuba,Dosquebradas,12,18.5,36,22,0,martes,soleado,1,47,35.9,30.9,0.067
Boston,Kennedy,8,11.5,23,13,0,martes,nublado,0,48,28.6,24.1,0.439
Av. 30 de Agosto,Dosquebradas,9,12.5,25,16,0,domingo,tormenta,1,16,39.8,18.8,0.773
Simón Bolívar,Villa Santana,7,9.5,20,9,1,domingo,soleado,0,41,22.3,25.6,0.614
Simón Bolívar,Villa Santana,7,9.5,20,22,0,domingo,soleado,1,58,16.8,33.9,0.058
Villa Santana,Nacederos,11,16.5,33,18,1,domingo,lluvia,1,41,62.7,15.8,1.0
Cuba,Dosquebradas,12,18.5,36,16,0,martes,nublado,0,54,56.2,19.8,0.448
Simón Bolívar,Villa Santana,7,9.5,20,16,0,miercoles,soleado,1,66,31.6,18.0,0.581
Estadio,Terminal,8,10.5,21,15,0,viernes,soleado,0,32,25.8,24.4,0.315
Galicia,Boston,10,14.0,28,17,1,jueves,soleado,1,23,56.9,14.8,0.942
Cuba,Terminal,10,15.0,30,15,0,viernes,tormenta,1,26,57.0,15.8,0.45
Cuba,Centro,9,13.5,27,6,1,domingo,nublado,1,18,30.4,26.6,0.503
Kennedy,Dosquebradas,10,15.0,30,14,0,martes,soleado,0,73,31.6,28.5,0.279
Cuba,Centro,9,13.5,27,15,0,domingo,lluvia,1,35,35.9,22.6,0.339
Kennedy,Dosquebradas,10,15.0,30,20,0,sabado,soleado,0,31,33.4,26.9,0.314
Av. 30 de Agosto,Dosquebradas,9,12.5,25,20,0,martes,nublado,1,40,34.9,21.5,0.406
Estadio,Terminal,8,10.5,21,11,0,lunes,tormenta,1,23,39.8,15.8,0.353
Villa Santana,Nacederos,11,16.5,33,21,0,miercoles,lluvia,1,73,47.3,20.9,0.197
Cuba,Terminal,10,15.0,30,14,0,sabado,lluvia,1,59,42.5,21.2,0.406
Estadio,Terminal,8,10.5,21,17,1,viernes,lluvia,0,68,50.9,12.4,1.0
Río Otún,El Plumón,8,11.0,22,18,1,jueves,soleado,0,27,40.7,16.2,1.0
Villa Santana,Nacederos,11,16.5,33,10,0,miercoles,lluvia,1,23,54.5,18.2,0.407
Villa Santana,Nacederos,11,16.5,33,20,0,jueves,tormenta,0,62,52.5,18.9,0.411
Simón Bolívar,Villa Santana,7,9.5,20,15,0,jueves,soleado,1,41,26.2,21.8,0.302
Cuba,Terminal,10,15.0,30,19,1,jueves,soleado,1,39,48.9,18.4,0.574
Cuba,Terminal,10,15.0,30,9,1,miercoles,nublado,1,77,50.5,17.8,0.617
Boston,Kennedy,8,11.5,23,12,0,sabado,tormenta,0,75,37.0,18.6,0.6
Cuba,Centro,9,13.5,27,5,0,viernes,soleado,1,30,30.5,26.6,0.0
Cuba,Terminal,10,15.0,30,5,0,sabado,soleado,1,60,23.6,38.1,0.0
La Roma,Boston,11,16.0,32,22,0,martes,soleado,0,28,29.6,32.4,0.052
Cuba,Dosquebradas,12,18.5,36,5,0,lunes,lluvia,0,46,41.0,27.1,0.0
Cuba,Terminal,10,15.0,30,5,0,jueves,soleado,0,58,29.3,30.7,0.0
Cuba,Terminal,10,15.0,30,12,0,lunes,lluvia,0,36,45.0,20.0,0.488
Av. 30 de Agosto,Dosquebradas,9,12.5,25,15,0,miercoles,nublado,0,41,33.0,22.7,0.282
Kennedy,Dosquebradas,10,15.0,30,8,1,martes,soleado,1,56,55.1,16.3,1.0
Galicia,Boston,10,14.0,28,5,0,jueves,soleado,0,23,26.5,31.7,0.0
Nacederos,Galicia,9,13.0,26,16,0,lunes,soleado,0,67,35.7,21.8,0.515
Cuba,Terminal,10,15.0,30,22,0,domingo,tormenta,0,47,33.0,27.3,0.08
Boston,Kennedy,8,11.5,23,17,1,sabado,lluvia,0,57,41.1,16.8,1.0
Río Otún,El Plumón,8,11.0,22,15,0,domingo,nublado,0,57,18.4,35.9,0.328
Centro,Cuba,9,13.5,27,17,1,viernes,nublado,0,79,58.8,13.8,1.0
Villa Santana,Nacederos,11,16.5,33,5,0,viernes,lluvia,0,54,39.9,24.8,0.0
Villa Santana,Nacederos,11,16.5,33,7,1,lunes,soleado,1,52,62.0,16.0,0.941
Boston,Kennedy,8,11.5,23,6,1,martes,lluvia,1,57,40.0,17.2,0.65
Simón Bolívar,Villa Santana,7,9.5,20,6,1,viernes,lluvia,1,51,45.0,12.7,0.632
Río Otún,El Plumón,8,11.0,22,15,0,miercoles,soleado,0,46,26.9,24.5,0.294
Villa Santana,Nacederos,11,16.5,33,17,1,viernes,soleado,1,15,67.6,14.6,1.0
Villa Santana,Nacederos,11,16.5,33,6,1,sabado,tormenta,0,31,49.6,20.0,0.719
Av. 30 de Agosto,Dosquebradas,9,12.5,25,11,0,martes,nublado,1,74,30.6,24.5,0.274
Villa Santana,Nacederos,11,16.5,33,18,1,martes,nublado,1,51,71.1,13.9,1.0
Villa Santana,Nacederos,11,16.5,33,13,0,domingo,lluvia,0,61,40.4,24.5,0.5
Centro,Cuba,9,13.5,27,18,1,viernes,nublado,1,34,69.7,11.6,1.0
Cuba,Dosquebradas,12,18.5,36,17,1,jueves,lluvia,1,34,91.8,12.1,1.0
Kennedy,Dosquebradas,10,15.0,30,19,1,miercoles,soleado,1,76,44.4,20.3,0.599
Centro,Cuba,9,13.5,27,11,0,martes,lluvia,0,16,39.9,20.3,0.297
Galicia,Boston,10,14.0,28,20,0,jueves,lluvia,1,62,46.7,18.0,0.432
Nacederos,Galicia,9,13.0,26,7,1,jueves,lluvia,0,64,62.9,12.4,0.999
Simón Bolívar,Villa Santana,7,9.5,20,18,1,miercoles,lluvia,1,80,52.6,10.8,1.0
Galicia,Boston,10,14.0,28,6,1,sabado,soleado,1,46,34.2,24.6,0.473
Av. 30 de Agosto,Dosquebradas,9,12.5,25,16,0,sabado,nublado,0,33,29.2,25.7,0.518
Boston,Kennedy,8,11.5,23,9,1,miercoles,soleado,0,16,31.2,22.1,0.536
Río Otún,El Plumón,8,11.0,22,17,1,jueves,nublado,0,39,45.6,14.5,0.892
Kennedy,Dosquebradas,10,15.0,30,13,0,sabado,soleado,1,54,38.9,23.1,0.526
La Roma,Boston,11,16.0,32,7,1,lunes,nublado,1,33,64.0,15.0,0.937
Río Otún,El Plumón,8,11.0,22,17,1,sabado,soleado,0,77,30.3,21.8,0.823
Río Otún,El Plumón,8,11.0,22,18,1,viernes,soleado,1,70,47.5,13.9,1.0
Río Otún,El Plumón,8,11.0,22,9,1,martes,soleado,0,72,32.8,20.1,0.558
Villa Santana,Nacederos,11,16.5,33,6,1,sabado,soleado,0,48,42.3,23.4,0.556
Centro,Cuba,9,13.5,27,8,1,domingo,nublado,0,52,35.4,22.9,0.88
Cuba,Terminal,10,15.0,30,15,0,lunes,nublado,1,77,43.4,20.7,0.282
Cuba,Dosquebradas,12,18.5,36,13,0,domingo,tormenta,0,27,47.5,23.4,0.677
Kennedy,Dosquebradas,10,15.0,30,21,0,domingo,soleado,1,75,27.8,32.4,0.189
Galicia,Boston,10,14.0,28,16,0,sabado,lluvia,1,45,49.0,17.1,0.722
Kennedy,Dosquebradas,10,15.0,30,6,1,miercoles,lluvia,0,15,50.7,17.8,0.662
Río Otún,El Plumón,8,11.0,22,9,1,lunes,nublado,1,46,38.1,17.3,0.731
Boston,Kennedy,8,11.5,23,20,0,viernes,soleado,0,15,34.8,19.8,0.379
Av. 30 de Agosto,Dosquebradas,9,12.5,25,15,0,lunes,nublado,0,56,32.9,22.8,0.268
Centro,Cuba,9,13.5,27,17,1,sabado,nublado,0,59,42.8,18.9,1.0
La Roma,Boston,11,16.0,32,20,0,sabado,lluvia,0,64,39.7,24.2,0.379
Cuba,Centro,9,13.5,27,21,0,viernes,lluvia,0,31,40.5,20.0,0.183
Av. 30 de Agosto,Dosquebradas,9,12.5,25,22,0,domingo,soleado,1,29,19.7,38.1,0.062
Villa Santana,Nacederos,11,16.5,33,11,0,martes,lluvia,0,28,44.9,22.0,0.296
Cuba,Centro,9,13.5,27,15,0,jueves,lluvia,0,47,41.4,19.6,0.394
Boston,Kennedy,8,11.5,23,8,1,sabado,soleado,1,26,41.0,16.8,0.987
Villa Santana,Nacederos,11,16.5,33,7,1,sabado,soleado,1,70,57.2,17.3,0.897
Cuba,Terminal,10,15.0,30,14,0,lunes,soleado,1,39,41.9,21.5,0.27
Galicia,Boston,10,14.0,28,9,1,domingo,soleado,1,15,33.2,25.3,0.69
Villa Santana,Nacederos,11,16.5,33,17,1,jueves,soleado,1,31,66.9,14.8,1.0
Villa Santana,Nacederos,11,16.5,33,8,1,jueves,soleado,1,55,61.9,16.0,1.0
Av. 30 de Agosto,Dosquebradas,9,12.5,25,12,0,jueves,nublado,0,51,31.6,23.7,0.429
Simón Bolívar,Villa Santana,7,9.5,20,6,1,viernes,soleado,0,50,34.3,16.6,0.531
Centro,Cuba,9,13.5,27,11,0,jueves,soleado,1,22,36.9,22.0,0.232
Av. 30 de Agosto,Dosquebradas,9,12.5,25,11,0,domingo,nublado,0,21,23.9,31.4,0.253
Av. 30 de Agosto,Dosquebradas,9,12.5,25,20,0,sabado,soleado,0,17,26.1,28.7,0.317
Boston,Kennedy,8,11.5,23,20,0,miercoles,lluvia,1,24,38.4,18.0,0.429
Río Otún,El Plumón,8,11.0,22,11,0,sabado,lluvia,1,27,26.5,24.9,0.329
Nacederos,Galicia,9,13.0,26,6,1,domingo,lluvia,1,73,38.3,20.4,0.703
Centro,Cuba,9,13.5,27,20,0,miercoles,lluvia,0,42,43.2,18.7,0.379
Boston,Kennedy,8,11.5,23,5,0,miercoles,nublado,0,33,21.0,32.9,0.0
Boston,Kennedy,8,11.5,23,10,0,lunes,soleado,1,37,33.3,20.7,0.27
Terminal,Cuba,10,15.0,30,15,0,viernes,soleado,0,66,37.6,23.9,0.246
Kennedy,Dosquebradas,10,15.0,30,20,0,miercoles,nublado,0,63,40.1,22.4,0.402
Boston,Kennedy,8,11.5,23,7,1,domingo,soleado,1,50,34.3,20.1,0.962
Cuba,Dosquebradas,12,18.5,36,8,1,lunes,soleado,1,80,70.0,15.9,1.0
Nacederos,Galicia,9,13.0,26,20,0,miercoles,nublado,0,38,32.2,24.2,0.402
Río Otún,El Plumón,8,11.0,22,18,1,miercoles,nublado,0,56,38.7,17.1,1.0
Simón Bolívar,Villa Santana,7,9.5,20,22,0,martes,soleado,0,65,19.1,29.8,0.056
Simón Bolívar,Villa Santana,7,9.5,20,21,0,jueves,soleado,0,41,23.6,24.2,0.187
Cuba,Centro,9,13.5,27,10,0,lunes,nublado,1,30,34.3,23.6,0.328
Boston,Kennedy,8,11.5,23,10,0,lunes,nublado,0,25,32.0,21.6,0.292
Galicia,Boston,10,14.0,28,22,0,martes,soleado,0,46,25.4,33.1,0.063
Terminal,Cuba,10,15.0,30,14,0,sabado,nublado,0,77,32.4,27.8,0.294
Galicia,Boston,10,14.0,28,22,0,viernes,soleado,0,20,28.6,29.4,0.05
Estadio,Terminal,8,10.5,21,11,0,martes,nublado,0,60,23.2,27.2,0.249
Kennedy,Dosquebradas,10,15.0,30,7,1,viernes,soleado,1,35,64.0,14.1,0.856
